"소재지(시군구)별(1)",소재지(시군구)별(2),2018,2018,2018,2019,2019,2019,2020,2020,2020,2021,2021,2021
"소재지(시군구)별(1)",소재지(시군구)별(2),도시지역,녹지지역,녹지지역,도시지역,녹지지역,녹지지역,도시지역,녹지지역,녹지지역,도시지역,녹지지역,녹지지역
"소재지(시군구)별(1)",소재지(시군구)별(2),면적 (㎡),면적 (㎡),비율 (%),면적 (㎡),면적 (㎡),비율 (%),면적 (㎡),면적 (㎡),비율 (%),면적 (㎡),면적 (㎡),비율 (%)
"전국",소계,17788926660,12628463815,70.99,17763339465,12631888644,71.11,17769135370,12622450518,71.04,17786546574,12592483477,70.80
"서울특별시",소계,605569314,234848783,38.78,605512630,234822576,38.78,605680193,234367642,38.69,605680264,233902078,38.62
"서울특별시",종로구,23972507,11204665,46.74,23972507,11204665,46.74,23972507,11204384,46.74,23972507,11204384,46.74
"서울특별시",중구,9974292,25135,0.25,9974292,25135,0.25,9974292,25135,0.25,9974292,25135,0.25
"서울특별시",용산구,21870000,8975262,41.04,21870000,8975262,41.04,21870000,8975262,41.04,21870000,8888445,40.64
"서울특별시",성동구,16804426,4332406,25.78,16804270,4332406,25.78,16804270,4332406,25.78,16804270,4332406,25.78
"서울특별시",광진구,17075115,5274873,30.89,17075115,5274873,30.89,17075115,5274873,30.89,17075115,5274873,30.89
"서울특별시",동대문구,14245433,383081,2.69,14245433,383081,2.69,14251163,383081,2.69,14251236,383081,2.69
"서울특별시",중랑구,18531520,7352187,39.67,18531520,7352187,39.67,18531526,7352187,39.67,18531526,7352187,39.67
"서울특별시",성북구,24621422,6432862,26.13,24621422,6432862,26.13,24621422,6432862,26.13,24621422,6432862,26.13
"서울특별시",강북구,23636019,12380402,52.38,23636019,12380402,52.38,23636019,12384780,52.40,23636019,12464840,52.74
"서울특별시",도봉구,20679052,10841445,52.43,20679052,10841445,52.43,20839966,10387632,49.84,20839966,10387632,49.84
"서울특별시",노원구,35595942,21026581,59.07,35545790,21026581,59.15,35546826,21026587,59.15,35546825,21026586,59.15
"서울특별시",은평구,29788522,13902080,46.67,29788522,13902080,46.67,29788522,13902080,46.67,29788522,13902080,46.67
"서울특별시",서대문구,17685845,1963055,11.10,17685845,1963055,11.10,17685845,1963055,11.10,17685845,1963055,11.10
"서울특별시",마포구,23890251,9558937,40.01,23884089,9560036,40.03,23883966,9559911,40.03,23883966,9559911,40.03
"서울특별시",양천구,17469613,4043275,23.14,17469613,4043275,23.14,17469613,4043275,23.14,17469613,4043275,23.14
"서울특별시",강서구,41462415,22500637,54.27,41463274,22500605,54.27,41463274,22500605,54.27,41463273,22500605,54.27
"서울특별시",구로구,20136328,5157562,25.61,20136328,5157562,25.61,20136328,5157562,25.61,20136328,5157562,25.61
"서울특별시",금천구,13012685,2895630,22.25,13012685,2895630,22.25,13012685,2895630,22.25,13012685,2895630,22.25
"서울특별시",영등포구,24354830,8708804,35.76,24354830,8708804,35.76,24354830,8708804,35.76,24354830,8708804,35.76
"서울특별시",동작구,16387882,2252275,13.74,16387882,2252275,13.74,16387882,2252275,13.74,16387882,2252275,13.74
"서울특별시",관악구,29563482,13846047,46.83,29563482,13846047,46.83,29563482,13846047,46.83,29563482,13846047,46.83
"서울특별시",서초구,46899887,26692558,56.91,46899887,26692558,56.91,46899887,26687459,56.90,46899887,26687459,56.90
"서울특별시",강남구,39497268,13631009,34.51,39497268,13631009,34.51,39497268,13631009,34.51,39497268,13631009,34.51
"서울특별시",송파구,33858375,10557941,31.18,33857302,10530667,31.10,33857302,10530667,31.10,33857302,10071861,29.75
"서울특별시",강동구,24556203,10910074,44.43,24556203,10910074,44.43,24556203,10910074,44.43,24556203,10910074,44.43
"부산광역시",소계,940825058,546228649,58.06,940825058,544747568,57.90,940825055,544711620,57.90,940825971,544872774,57.91
"부산광역시",중구,4466946,393204,8.80,4466946,393204,8.80,4466946,393204,8.80,4466946,393204,8.80
"부산광역시",서구,29362772,7987415,27.20,29362772,8012630,27.29,29362772,8012630,27.29,29362772,8012630,27.29
"부산광역시",동구,11593305,3089485,26.65,11593305,3089485,26.65,11593305,3090992,26.66,11593305,3090992,26.66
"부산광역시",영도구,56165682,7608938,13.55,56165682,7608938,13.55,56165682,7603070,13.54,56165682,7603070,13.54
"부산광역시",부산진구,29666536,13755174,46.37,29666536,13755174,46.37,29666536,13755174,46.37,29666536,13755174,46.37
"부산광역시",동래구,16697577,5924310,35.48,16697577,5924310,35.48,16697577,5924309,35.48,16697577,5888668,35.27
"부산광역시",남구,42507261,12861218,30.26,42507261,12861218,30.26,42507261,12861218,30.26,42507261,12861218,30.26
"부산광역시",북구,39434038,29231265,74.13,39434038,29231265,74.13,39434038,29219843,74.10,39434038,29219843,74.10
"부산광역시",해운대구,55065412,38216132,69.40,55065412,38161371,69.30,55065412,38161371,69.30,55065412,38161371,69.30
"부산광역시",사하구,68381835,21130859,30.90,68381835,21325182,31.19,68381835,21325386,31.19,68381835,21325386,31.19
"부산광역시",금정구,65179775,53553831,82.16,65179775,53553831,82.16,65179775,53553831,82.16,65179775,53553831,82.16
"부산광역시",강서구,238454383,133086437,55.81,238454383,131428450,55.12,238454382,131405798,55.11,238454382,131639953,55.21
"부산광역시",연제구,12094555,3584962,29.64,12094555,3584962,29.64,12094555,3584962,29.64,12094555,3584962,29.64
"부산광역시",수영구,14084752,3582726,25.44,14084752,3590363,25.49,14084751,3590363,25.49,14085667,3590363,25.49
"부산광역시",사상구,36106275,20873342,57.81,36106275,20873283,57.81,36106274,20873283,57.81,36106274,20873283,57.81
"부산광역시",기장군,221563954,191349351,86.36,221563954,191353902,86.37,221563954,191356186,86.37,221563954,191318826,86.35
"대구광역시",소계,797919337,617503124,77.39,799328917,618689902,77.40,799299015,618124429,77.33,799509757,618303816,77.34
"대구광역시",중구,7055439,557173,7.90,7055185,556919,7.89,7055042,556776,7.89,7056241,557975,7.91
"대구광역시",동구,146864970,121343302,82.62,146850444,121329206,82.62,146842005,121321959,82.62,146854660,121334591,82.62
"대구광역시",서구,17328460,4337706,25.03,17333124,4329199,24.98,17319972,4315836,24.92,17319408,4315272,24.92
"대구광역시",남구,17430110,8280279,47.51,17431532,8280301,47.50,17431243,8280012,47.50,17431453,8280222,47.50
"대구광역시",북구,93979569,65393678,69.58,93983908,65315116,69.50,93985402,65315591,69.50,93987602,65286872,69.46
"대구광역시",수성구,76534405,56321137,73.59,76535269,56305221,73.57,76536911,55771193,72.87,76535524,55769762,72.87
"대구광역시",달서구,62341432,27649603,44.35,62339757,27608918,44.29,62340042,27609203,44.29,62352606,27621767,44.30
"대구광역시",달성군,376384952,333620246,88.64,377799698,334965022,88.66,377788398,334953859,88.66,377972263,335137355,88.67
"인천광역시",소계,579740346,287669507,49.62,529642905,294604259,55.62,529650659,293991224,55.51,529699653,293658058,55.44
"인천광역시",중구,141227343,109627695,77.62,141226543,109626864,77.62,141226543,109626864,77.62,141263611,109626864,77.60
"인천광역시",동구,7596941,831254,10.94,7596941,831254,10.94,7595936,831254,10.94,7595909,831254,10.94
"인천광역시",미추홀구,24897342,4407446,17.70,24840389,4417731,17.78,24840389,4417731,17.78,24840389,4417731,17.78
"인천광역시",연수구,123327193,23543612,19.09,73287493,30659269,41.83,73287493,30659269,41.83,73300094,30087371,41.05
"인천광역시",남동구,68648644,28452811,41.45,68648644,28452811,41.45,68657807,28461739,41.45,68657807,28461739,41.45
"인천광역시",부평구,31994589,10504730,32.83,31994600,10504730,32.83,31994600,10504730,32.83,31994438,10504730,32.83
"인천광역시",계양구,45549827,34125843,74.92,45549828,34125803,74.92,45549424,33503840,73.55,45549863,33814774,74.24
"인천광역시",서구,111605882,61617216,55.21,111605882,61426897,55.04,111605882,61426897,55.04,111604950,61354695,54.97
"인천광역시",강화군,17306615,14558900,84.12,17306615,14558900,84.12,17306615,14558900,84.12,17306615,14558900,84.12
"인천광역시",옹진군,7585970,0,0.00,7585970,0,0.00,7585970,0,0.00,7585977,0,0.00
"광주광역시",소계,480053767,358764406,74.73,480002734,358713372,74.73,480081726,357681289,74.50,479978979,357485576,74.48
"광주광역시",동구,49196644,38601492,78.46,49312364,38717212,78.51,49312364,38717212,78.51,49314065,38639529,78.35
"광주광역시",서구,47781025,27854903,58.30,47748121,27821999,58.27,47748121,27821999,58.27,47755979,27827249,58.27
"광주광역시",남구,60872269,44486602,73.08,60868238,44482571,73.08,60855251,44469584,73.07,60840032,44455731,73.07
"광주광역시",북구,120297717,90685739,75.38,120280473,90668495,75.38,120302200,89998680,74.81,120270544,89933280,74.78
"광주광역시",광산구,201906112,157135670,77.83,201793538,157023095,77.81,201863790,156673814,77.61,201798359,156629787,77.62
"대전광역시",소계,495818299,402981331,81.28,496123890,399318255,80.49,496123890,399332875,80.49,496123890,399332875,80.49
"대전광역시",동구,120563321,105637521,87.62,118734150,104145333,87.71,118734150,104145333,87.71,118734150,104145333,87.71
"대전광역시",중구,56218554,41940129,74.60,55685329,41367714,74.29,55685329,41367714,74.29,55685329,41367714,74.29
"대전광역시",서구,73093288,50475243,69.06,74892474,51971937,69.40,74892474,51971937,69.40,74892474,51971937,69.40
"대전광역시",유성구,177251011,154968036,87.43,177801819,152131217,85.56,177801819,152131217,85.56,177801819,152131217,85.56
"대전광역시",대덕구,68692125,49960402,72.73,69010118,49702054,72.02,69010118,49716674,72.04,69010118,49716674,72.04
"울산광역시",소계,755545356,515078500,68.17,755545353,515264441,68.20,761731893,522035487,68.53,764204857,519945191,68.04
"울산광역시",중구,37063741,23164227,62.50,37063741,23164227,62.50,37063741,23164227,62.50,37063741,22847567,61.64
"울산광역시",남구,73691355,28301945,38.41,73691355,28319105,38.43,73691355,28319105,38.43,72736108,26690180,36.69
"울산광역시",동구,36351722,22335863,61.44,36351722,22335863,61.44,36351722,22335863,61.44,36351722,22335863,61.44
"울산광역시",북구,120602620,95498510,79.18,120602620,95498510,79.18,120602620,95498510,79.18,120283505,95248827,79.19
"울산광역시",울주군,487835918,345777955,70.88,487835915,345946736,70.91,494022455,352717782,71.40,497769781,352822754,70.88
"세종특별자치시",소계,142715907,98705006,69.16,142715907,98705006,69.16,142495482,97277636,68.27,143324836,97420469,67.97
"세종특별자치시",세종특별자치시,142715907,98705006,69.16,142715907,98705006,69.16,142495482,97277636,68.27,143324836,97420469,67.97
"경기도",소계,3376013136,2609090987,77.28,3377274307,2603756858,77.10,3378712218,2600686964,76.97,3385441488,2579325673,76.19
"경기도",수원시,121138690,66050954,54.53,121182030,66107672,54.55,121136868,65312494,53.92,121136868,65312494,53.92
"경기도",성남시,141820897,105200413,74.18,141820898,104566413,73.73,141820898,103907864,73.27,141820898,103535647,73.00
"경기도",고양시,193400919,149852554,77.48,194127720,149477399,77.00,194977956,149095090,76.47,195008686,145090022,74.40
"경기도",용인시,388296171,342607475,88.23,388296611,342404550,88.18,388296558,342287358,88.15,392238936,340995264,86.94
"경기도",부천시,53450000,22210417,41.55,53450000,22003763,41.17,53450001,22009438,41.18,53450001,18928890,35.41
"경기도",안산시,151472341,108830262,71.85,151472339,108830262,71.85,151472340,108830262,71.85,151472343,106914861,70.58
"경기도",안양시,58480054,37890936,64.79,58480054,37890936,64.79,58480054,37890936,64.79,58480054,37890936,64.79
"경기도",남양주시,241792390,201105484,83.17,242423014,200769262,82.82,242423014,200761403,82.81,242423014,194177593,80.10
"경기도",화성시,317604045,240685034,75.78,317786985,240573062,75.70,317786985,240573062,75.70,317786985,240573062,75.70
"경기도",평택시,152224409,73986596,48.60,151090527,73832273,48.87,150952990,74036875,49.05,150952990,74036875,49.05
"경기도",의정부시,81616520,63504069,77.81,81598380,63485929,77.80,81598380,63413082,77.71,81598380,63155631,77.40
"경기도",시흥시,135059861,99496485,73.67,135056862,98373712,72.84,135056863,98306604,72.79,135056863,98306604,72.79
"경기도",파주시,80918908,48589159,60.05,81322573,48553932,59.71,81898412,48590400,59.33,81898412,48590400,59.33
"경기도",광명시,38506472,27212829,70.67,38506473,26884378,69.82,38506473,26714921,69.38,38506473,26715255,69.38
"경기도",김포시,101933117,76349722,74.90,101933117,76349722,74.90,101933117,76349722,74.90,104689413,74815054,71.46
"경기도",군포시,36460228,25270914,69.31,36460228,24911040,68.32,36460228,24911040,68.32,36460323,24906867,68.31
"경기도",광주시,172260533,159612933,92.66,172259487,159384739,92.53,172263425,159251905,92.45,172263424,159247390,92.44
"경기도",이천시,82297681,71255961,86.58,82195456,71821450,87.38,82195456,71821450,87.38,82195456,71821450,87.38
"경기도",양주시,150455384,118561224,78.80,150455382,118210430,78.57,150455047,118205726,78.57,150455384,118561224,78.80
"경기도",오산시,42757000,28240060,66.05,42757000,28187484,65.92,42757002,27919333,65.30,42757002,27920120,65.30
"경기도",구리시,33292067,25476370,76.52,33292067,25136777,75.50,33292067,25136777,75.50,33292067,25136777,75.50
"경기도",안성시,155948886,139345419,89.35,156213560,138644904,88.75,155860500,138367372,88.78,155860500,138367372,88.78
"경기도",포천시,39013035,27158121,69.61,39013035,27158121,69.61,39212343,27178379,69.31,39212343,27159308,69.26
"경기도",의왕시,53991234,46191527,85.55,53990394,45818191,84.86,53991357,45819877,84.87,53991357,45819877,84.87
"경기도",하남시,93044652,78020343,83.85,93044652,78020343,83.85,93044654,78020343,83.85,93044678,75300878,80.93
"경기도",여주시,26093192,22321645,85.55,26093192,22321645,85.55,26436959,22079620,83.52,26436959,22079620,83.52
"경기도",양평군,51198870,47521993,92.82,51198870,47534281,92.84,51198870,47469357,92.72,51198870,47534281,92.84
"경기도",동두천시,33297990,25465247,76.48,33565811,25439773,75.79,33565811,25439773,75.79,33565219,25440331,75.79
"경기도",과천시,35853000,31115748,86.79,35853000,31110023,86.77,35853000,31110023,86.77,35853000,31115112,86.79
"경기도",가평군,81889445,75531823,92.24,81889445,75524987,92.23,81889445,75447073,92.13,81889445,75447073,92.13
"경기도",연천군,30445145,24429270,80.24,30445145,24429405,80.24,30445145,24429405,80.24,30445145,24429405,80.24
"강원특별자치도",소계,1028778399,794355604,77.21,1028522877,793902730,77.19,1029687366,794017929,77.11,1030004376,794197506,77.11
"강원특별자치도",춘천시,335305853,308086605,91.88,335305853,308086605,91.88,335305853,307955446,91.84,335305852,307889550,91.82
"강원특별자치도",원주시,88038796,53129677,60.35,88306314,53398586,60.47,88304463,53442706,60.52,88304465,53375133,60.44
"강원특별자치도",강릉시,84783347,53865829,63.53,84783347,53865829,63.53,84958649,53746927,63.26,84958649,53746927,63.26
"강원특별자치도",동해시,123901726,81750661,65.98,123901726,81750661,65.98,124014784,81863718,66.01,124014784,81863718,66.01
"강원특별자치도",태백시,66633000,55551348,83.37,66633000,55551348,83.37,66544336,55389802,83.24,66544336,55389802,83.24
"강원특별자치도",속초시,42065437,27344317,65.00,42065437,27344317,65.00,42065437,27311021,64.93,42065437,27311981,64.93
"강원특별자치도",삼척시,80405183,56599576,70.39,79882143,56229816,70.39,79882143,56229816,70.39,79882140,56229797,70.39
"강원특별자치도",홍천군,30715247,25236045,82.16,30715247,24932854,81.17,30715247,24916162,81.12,30715247,24916162,81.12
"강원특별자치도",횡성군,9918922,5792167,58.40,9918922,5802407,58.50,9918922,5802407,58.50,9918922,5802407,58.50
"강원특별자치도",영월군,26383940,21236258,80.49,26383940,21236258,80.49,26383940,21236258,80.49,26383940,21231358,80.47
"강원특별자치도",평창군,16680775,11394529,68.31,16680775,11394529,68.31,16680775,11394529,68.31,16680775,11394529,68.31
"강원특별자치도",정선군,42548998,35794115,84.12,42548998,35794115,84.12,42543171,35788288,84.12,42543171,35788288,84.12
"강원특별자치도",철원군,26456700,19105707,72.22,26456700,19105707,72.22,26456700,19105707,72.22,26456700,19105707,72.22
"강원특별자치도",화천군,13229891,10649081,80.49,13229891,10649081,80.49,13229891,10649081,80.49,13229891,10649081,80.49
"강원특별자치도",양구군,3710000,2074669,55.92,3710000,2028728,54.68,3710000,2028728,54.68,3710000,2028728,54.68
"강원특별자치도",인제군,14839016,10650989,71.78,14839016,10650989,71.78,14839016,10650989,71.78,14839016,10650989,71.78
"강원특별자치도",고성군,12421767,8317985,66.96,12421767,8304854,66.86,12421767,8304854,66.86,12421767,8304854,66.86
"강원특별자치도",양양군,10739801,7776046,72.40,10739801,7776046,72.40,11712272,8201490,70.02,12029284,8518495,70.81
"충청북도",소계,731003419,562555068,76.96,735737985,558723743,75.94,736252276,557702114,75.75,737094363,557825289,75.68
"충청북도",청주시,337378337,274273522,81.30,339442798,270778752,79.77,339442798,270778752,79.77,339442798,270778752,79.77
"충청북도",충주시,108722161,81668494,75.12,108722161,81701464,75.15,108722161,81701464,75.15,108722161,81701464,75.15
"충청북도",제천시,57646100,45671099,79.23,57646100,45671099,79.23,57646100,45671099,79.23,57646099,45675159,79.23
"충청북도",보은군,17737591,11041655,62.25,17737591,10863461,61.25,17736716,10863461,61.25,17736716,10863461,61.25
"충청북도",옥천군,55061021,47964975,87.11,55061021,47964975,87.11,55061021,47964975,87.11,55061021,47964975,87.11
"충청북도",영동군,31106651,24632323,79.19,31106651,24632323,79.19,31106651,24632323,79.19,31106652,24632323,79.19
"충청북도",진천군,26261955,13781002,52.48,26261955,13781002,52.48,26299913,13565242,51.58,27087912,13576066,50.12
"충청북도",괴산군,12417874,8654679,69.70,12417874,8466411,68.18,12429805,8466411,68.11,12430138,8495779,68.35
"충청북도",음성군,35483134,15582349,43.91,38153239,15579286,40.83,38618516,14842868,38.43,38672271,14921791,38.59
"충청북도",단양군,35644901,30431822,85.37,35644901,30431822,85.37,35644901,30431822,85.37,35644901,30431822,85.37
"충청북도",증평군,13543694,8853148,65.37,13543694,8853148,65.37,13543694,8783697,64.85,13543694,8783697,64.85
"충청남도",소계,904905818,588537441,65.04,908086503,586246612,64.56,909043093,584391697,64.29,912069919,584473107,64.08
"충청남도",천안시,140692261,90758988,64.51,141564968,90781627,64.13,141709476,89280820,63.00,143943184,89500026,62.18
"충청남도",공주시,60114957,50235952,83.57,60114954,50235951,83.57,60114957,50235952,83.57,60114957,50235952,83.57
"충청남도",보령시,35324504,19231696,54.44,35324504,19231696,54.44,30064183,18975785,63.12,30064183,18975785,63.12
"충청남도",아산시,84935069,50364369,59.30,86275783,49676358,57.58,92034569,49784937,54.09,92147361,49563162,53.79
"충청남도",서산시,200235993,107066930,53.47,200235993,107066930,53.47,200224909,107069136,53.47,200224913,107069137,53.47
"충청남도",논산시,49850582,39614589,79.47,49850582,39614589,79.47,49850582,39614589,79.47,49850582,39614589,79.47
"충청남도",계룡시,49221048,44403346,90.21,49225821,44403346,90.20,49225821,44403346,90.20,49225821,44402733,90.20
"충청남도",당진시,74954163,29991441,40.01,75160787,30120726,40.08,75159380,29891996,39.77,75847910,29968053,39.51
"충청남도",금산군,29453071,24054344,81.67,29453071,24054344,81.67,29453071,24054344,81.67,29453071,24054344,81.67
"충청남도",부여군,43066254,38777277,90.04,43390736,39015288,89.92,43390736,39058912,90.02,43390736,39058912,90.02
"충청남도",서천군,22699229,13694424,60.33,22712136,13516263,59.51,23038239,13519037,58.68,23030031,13511410,58.67
"충청남도",청양군,5959271,4163460,69.87,5959271,4163460,69.87,5959271,4163460,69.87,5959271,4163460,69.87
"충청남도",홍성군,36115459,24093230,66.71,35714016,23372497,65.44,35714016,23372497,65.44,35714016,23372497,65.44
"충청남도",예산군,36812406,25675329,69.75,36812406,25675329,69.75,36812408,25648678,69.67,36812408,25648678,69.67
"충청남도",태안군,35471551,26412066,74.46,36291475,25318208,69.76,36291475,25318208,69.76,36291475,25334369,69.81
"전라북도",소계,886474119,607914845,68.58,886379912,604066083,68.15,885633881,602061277,67.98,885638790,601892629,67.96
"전라북도",전주시,197627900,151332559,76.57,197229690,148955123,75.52,197229690,148299130,75.19,197229690,148299130,75.19
"전라북도",군산시,207398894,82993556,40.02,207398894,82993556,40.02,207398894,82993556,40.02,207398894,82993556,40.02
"전라북도",익산시,76091104,45498679,59.80,76088794,45930050,60.36,76088724,45516558,59.82,76088724,45337294,59.58
"전라북도",정읍시,47833455,31951018,66.80,47833455,31951018,66.80,47833455,31951018,66.80,47833455,31951018,66.80
"전라북도",남원시,30647473,21398187,69.82,30647473,21398187,69.82,30647473,21398187,69.82,30647473,21398187,69.82
"전라북도",김제시,43831974,31760478,72.46,43831566,31709927,72.34,43831566,31709927,72.34,43831566,31709927,72.34
"전라북도",완주군,150497709,135693803,90.16,150804430,133843603,88.75,150045961,133038975,88.67,150045964,133038973,88.67
"전라북도",진안군,6398307,5323147,83.20,6398307,5323147,83.20,6398307,5323147,83.20,6398307,5323147,83.20
"전라북도",무주군,12353295,9957670,80.61,12353295,9953796,80.58,12353295,9953796,80.58,12353295,9953796,80.58
"전라북도",장수군,5474447,3972839,72.57,5474447,3972839,72.57,5474447,3972839,72.57,5474447,3972839,72.57
"전라북도",임실군,17980530,14737269,81.96,17980530,14737269,81.96,17985020,14707376,81.78,17985020,14707376,81.78
"전라북도",순창군,10110000,9122770,90.24,10110000,9122770,90.24,10110000,9032659,89.34,10110000,9032659,89.34
"전라북도",고창군,32453860,26210500,80.76,32453860,26210500,80.76,32461878,26199811,80.71,32466784,26210429,80.73
"전라북도",부안군,47775171,37962370,79.46,47775171,37964298,79.46,47775171,37964298,79.46,47775171,37964298,79.46
"전라남도",소계,1718429832,1175930564,68.43,1718458198,1180182382,68.68,1719363436,1177688806,68.50,1720423117,1175286666,68.31
"전라남도",목포시,112490000,29748108,26.45,112490000,29748108,26.45,112490000,29678059,26.38,112490000,27548633,24.49
"전라남도",여수시,345097039,214807507,62.25,345097039,215036801,62.31,345097039,215036801,62.31,345099809,215073797,62.32
"전라남도",순천시,198748000,170044837,85.56,197141157,168302452,85.37,197839766,167826400,84.83,197839766,167292615,84.56
"전라남도",나주시,104170378,82564980,79.26,104208246,82545700,79.21,104208246,82545700,79.21,105204946,82754152,78.66
"전라남도",광양시,176886009,83341869,47.12,176886009,83341869,47.12,176886009,83348937,47.12,176886009,83381191,47.14
"전라남도",담양군,133448080,122477680,91.78,133448080,122477680,91.78,133448209,122488801,91.79,133448210,122475737,91.78
"전라남도",곡성군,15477288,12708507,82.11,15477288,12708507,82.11,15477288,12708507,82.11,15477288,12708507,82.11
"전라남도",구례군,10906000,8114636,74.41,10906000,8114636,74.41,10906000,8114636,74.41,10906000,8114011,74.40
"전라남도",고흥군,32660659,23128123,70.81,32660659,23128123,70.81,32660659,23128123,70.81,32660659,23128123,70.81
"전라남도",보성군,24034080,20312358,84.51,24034080,20312358,84.51,23973695,20265213,84.53,23973695,20265213,84.53
"전라남도",화순군,74012000,67778002,91.58,74012000,67778002,91.58,74012000,67778002,91.58,74012000,67778002,91.58
"전라남도",장흥군,37266140,31608930,84.82,37266140,31608930,84.82,37266140,31608930,84.82,37266140,31608930,84.82
"전라남도",강진군,27041759,19463513,71.98,27041759,19463513,71.98,27041759,19463513,71.98,27041759,19463513,71.98
"전라남도",해남군,57390376,31572594,55.01,57390376,31572594,55.01,57326444,31541056,55.02,57386654,31538114,54.96
"전라남도",영암군,101048377,42578803,42.14,102640605,49185838,47.92,102642897,49188130,47.92,102642897,49188130,47.92
"전라남도",무안군,30744451,21990288,71.53,30744451,21990288,71.53,31069640,21964789,70.70,31069640,21964789,70.70
"전라남도",함평군,28039211,21103183,75.26,28039043,21083431,75.19,28039043,21072695,75.15,28039043,21072695,75.15
"전라남도",영광군,47016366,32835637,69.84,47016366,32835637,69.84,47016366,32835637,69.84,47016366,32835637,69.84
"전라남도",장성군,108637200,97743760,89.97,108637200,96935385,89.23,108637200,95138403,87.57,108637200,95138403,87.57
"전라남도",완도군,26633097,19293348,72.44,26633097,19293348,72.44,26633097,19293348,72.44,26633097,19293348,72.44
"전라남도",진도군,22963322,19402894,84.50,22963322,19402894,84.50,22966658,19346838,84.24,22966658,19346838,84.24
"전라남도",신안군,3720000,3311007,89.01,3725281,3316288,89.02,3725281,3316288,89.02,3725281,3316288,89.02
"경상북도",소계,1866786485,1364764124,73.11,1879985260,1377251002,73.26,1879972483,1376103929,73.20,1879078335,1375422427,73.20
"경상북도",포항시,388539512,203401941,52.35,393162227,207494098,52.78,393164851,206364079,52.49,393162228,207116161,52.68
"경상북도",경주시,464832544,408153675,87.81,464678805,407990645,87.80,464678805,407990645,87.80,464824021,408196226,87.82
"경상북도",김천시,64622360,42082616,65.12,64622360,42082616,65.12,64622360,42082616,65.12,64622360,42082616,65.12
"경상북도",안동시,79029099,60027607,75.96,79027431,60038843,75.97,79027430,60022001,75.95,79223135,60046419,75.79
"경상북도",구미시,185781767,126428962,68.05,185820299,126459313,68.05,185821767,126461027,68.06,185821767,126461027,68.06
"경상북도",영주시,50085198,37337727,74.55,50085086,37337727,74.55,50073264,37337643,74.57,50092894,37337572,74.54
"경상북도",영천시,56996498,39047379,68.51,56996498,39046838,68.51,56996498,39046838,68.51,58659064,39047573,66.57
"경상북도",상주시,50246829,37586084,74.80,50246829,37586084,74.80,50246829,37586084,74.80,50640213,37586084,74.22
"경상북도",문경시,37900782,27217556,71.81,37900782,27217556,71.81,37900782,27217556,71.81,37848000,27217556,71.91
"경상북도",경산시,114831835,85613635,74.56,123741231,94139153,76.08,123741231,94139153,76.08,123728319,92512810,74.77
"경상북도",군위군,7443500,6105365,82.02,7246000,6093936,84.10,7246000,6093936,84.10,7246000,6093936,84.10
"경상북도",의성군,32583000,27114017,83.22,32583000,27114017,83.22,32583000,27112505,83.21,32583000,27112505,83.21
"경상북도",청송군,6196276,4290109,69.24,6196276,4290109,69.24,6196276,4290109,69.24,6196276,4290109,69.24
"경상북도",영양군,11453000,9766470,85.27,11453000,9766470,85.27,11453000,9766470,85.27,11453000,9689357,84.60
"경상북도",영덕군,18911332,10728656,56.73,18911332,10728656,56.73,18911332,10728656,56.73,15669000,10728656,68.47
"경상북도",청도군,21150000,18371002,86.86,21150000,18371002,86.86,21150000,18371002,86.86,21150000,18371002,86.86
"경상북도",고령군,32492599,25800280,79.40,32473748,25802895,79.46,32473748,25802895,79.46,32473748,25800330,79.45
"경상북도",성주군,10584723,6490690,61.32,10584723,6490690,61.32,10583153,6490690,61.33,10583153,6490705,61.33
"경상북도",칠곡군,148869428,129703472,87.13,148869428,129703472,87.13,148865952,129703142,87.13,148865952,129703142,87.13
"경상북도",예천군,16347826,9407750,57.55,16347828,9407751,57.55,16347828,9407751,57.55,16347828,9407751,57.55
"경상북도",봉화군,9484653,7267685,76.63,9484653,7267685,76.63,9484653,7267685,76.63,9484653,7309444,77.07
"경상북도",울진군,47920405,33721772,70.37,47920405,33721772,70.37,47920405,33721772,70.37,47920405,33721772,70.37
"경상북도",울릉군,10483319,9099674,86.80,10483319,9099674,86.80,10483319,9099674,86.80,10483319,9099674,86.80
"경상남도",소계,2007719820,1474575866,73.45,2008568781,1473933845,73.38,2004845346,1474005446,73.52,2007710621,1470869189,73.26
"경상남도",창원시,595333663,359448767,60.38,595333663,358663117,60.25,595333540,359388722,60.37,595333540,359030870,60.31
"경상남도",진주시,275744020,247502544,89.76,275746360,247504188,89.76,275745226,247503396,89.76,275745526,247457444,89.74
"경상남도",통영시,61682008,41148140,66.71,61698772,41148140,66.69,58919895,41195972,69.92,61728545,41195972,66.74
"경상남도",사천시,92095429,67261637,73.03,92910748,67261637,72.39,92916327,67274910,72.40,92916793,67262819,72.39
"경상남도",김해시,267087930,208527614,78.07,267062845,208530279,78.08,267067205,207844995,77.82,267179611,208912102,78.19
"경상남도",밀양시,61769242,45715282,74.01,61441669,45757459,74.47,61441669,45757459,74.47,61441669,45757459,74.47
"경상남도",거제시,98609973,62456146,63.34,98620051,62413020,63.29,97944801,62411257,63.72,97944801,62411257,63.72
"경상남도",양산시,312975446,266584525,85.18,312975446,266584525,85.18,312975446,266552105,85.17,311750184,262664023,84.25
"경상남도",의령군,15830845,11940463,75.43,15832558,11940463,75.42,15832558,11940463,75.42,16184652,11998026,74.13
"경상남도",함안군,39479042,27299289,69.15,39479042,27449089,69.53,39195903,27449089,70.03,40012524,27485319,68.69
"경상남도",창녕군,49409506,39009926,78.95,49474929,39000395,78.83,49474929,39000395,78.83,49474929,39000395,78.83
"경상남도",고성군,23219220,13111588,56.47,23350496,13111588,56.15,23350496,13111588,56.15,23350496,13111588,56.15
"경상남도",남해군,11801283,10352602,87.72,11801283,10352602,87.72,11801283,10352602,87.72,11801283,10359422,87.78
"경상남도",하동군,17536071,6641046,37.87,17535890,6641046,37.87,17535890,6641046,37.87,17535890,6641046,37.87
"경상남도",산청군,10302447,6420236,62.32,10461334,6420236,61.37,10466483,6425386,61.39,10466483,6425386,61.39
"경상남도",함양군,19391344,15924280,82.12,19391344,15924280,82.12,19391344,15924280,82.12,19391344,15924280,82.12
"경상남도",거창군,31906464,25413367,79.65,31906464,25413367,79.65,31906464,25413367,79.65,31906464,25413367,79.65
"경상남도",합천군,23545887,19818414,84.17,23545887,19818414,84.17,23545887,19818414,84.17,23545887,19818414,84.17
"제주특별자치도",소계,470628248,388960010,82.65,470628248,388960010,82.65,469737358,388270154,82.66,469737358,388270154,82.66
"제주특별자치도",제주시,230872373,184176961,79.77,230872373,184176961,79.77,230285390,183793929,79.81,230285390,183793929,79.81
"제주특별자치도",서귀포시,239755875,204783049,85.41,239755875,204783049,85.41,239451968,204476225,85.39,239451968,204476225,85.39
