"의료인력별(1)",의료인력별(2),2018.1/4,2018.1/4,2018.1/4,2018.1/4,2018.1/4,2018.1/4,2018.1/4,2018.1/4,2018.1/4,2018.1/4,2018.1/4,2018.1/4,2018.1/4,2018.1/4,2018.1/4,2018.1/4,2018.2/4,2018.2/4,2018.2/4,2018.2/4,2018.2/4,2018.2/4,2018.2/4,2018.2/4,2018.2/4,2018.2/4,2018.2/4,2018.2/4,2018.2/4,2018.2/4,2018.2/4,2018.2/4,2018.3/4,2018.3/4,2018.3/4,2018.3/4,2018.3/4,2018.3/4,2018.3/4,2018.3/4,2018.3/4,2018.3/4,2018.3/4,2018.3/4,2018.3/4,2018.3/4,2018.3/4,2018.3/4,2018.4/4,2018.4/4,2018.4/4,2018.4/4,2018.4/4,2018.4/4,2018.4/4,2018.4/4,2018.4/4,2018.4/4,2018.4/4,2018.4/4,2018.4/4,2018.4/4,2018.4/4,2018.4/4,2019.1/4,2019.1/4,2019.1/4,2019.1/4,2019.1/4,2019.1/4,2019.1/4,2019.1/4,2019.1/4,2019.1/4,2019.1/4,2019.1/4,2019.1/4,2019.1/4,2019.1/4,2019.1/4,2019.2/4,2019.2/4,2019.2/4,2019.2/4,2019.2/4,2019.2/4,2019.2/4,2019.2/4,2019.2/4,2019.2/4,2019.2/4,2019.2/4,2019.2/4,2019.2/4,2019.2/4,2019.2/4,2019.3/4,2019.3/4,2019.3/4,2019.3/4,2019.3/4,2019.3/4,2019.3/4,2019.3/4,2019.3/4,2019.3/4,2019.3/4,2019.3/4,2019.3/4,2019.3/4,2019.3/4,2019.3/4,2019.4/4,2019.4/4,2019.4/4,2019.4/4,2019.4/4,2019.4/4,2019.4/4,2019.4/4,2019.4/4,2019.4/4,2019.4/4,2019.4/4,2019.4/4,2019.4/4,2019.4/4,2019.4/4,2020.1/4,2020.1/4,2020.1/4,2020.1/4,2020.1/4,2020.1/4,2020.1/4,2020.1/4,2020.1/4,2020.1/4,2020.1/4,2020.1/4,2020.1/4,2020.1/4,2020.1/4,2020.1/4,2020.2/4,2020.2/4,2020.2/4,2020.2/4,2020.2/4,2020.2/4,2020.2/4,2020.2/4,2020.2/4,2020.2/4,2020.2/4,2020.2/4,2020.2/4,2020.2/4,2020.2/4,2020.2/4,2020.3/4,2020.3/4,2020.3/4,2020.3/4,2020.3/4,2020.3/4,2020.3/4,2020.3/4,2020.3/4,2020.3/4,2020.3/4,2020.3/4,2020.3/4,2020.3/4,2020.3/4,2020.3/4,2020.4/4,2020.4/4,2020.4/4,2020.4/4,2020.4/4,2020.4/4,2020.4/4,2020.4/4,2020.4/4,2020.4/4,2020.4/4,2020.4/4,2020.4/4,2020.4/4,2020.4/4,2020.4/4,2021.1/4,2021.1/4,2021.1/4,2021.1/4,2021.1/4,2021.1/4,2021.1/4,2021.1/4,2021.1/4,2021.1/4,2021.1/4,2021.1/4,2021.1/4,2021.1/4,2021.1/4,2021.1/4,2021.1/4,2021.2/4,2021.2/4,2021.2/4,2021.2/4,2021.2/4,2021.2/4,2021.2/4,2021.2/4,2021.2/4,2021.2/4,2021.2/4,2021.2/4,2021.2/4,2021.2/4,2021.2/4,2021.2/4,2021.2/4,2021.3/4,2021.3/4,2021.3/4,2021.3/4,2021.3/4,2021.3/4,2021.3/4,2021.3/4,2021.3/4,2021.3/4,2021.3/4,2021.3/4,2021.3/4,2021.3/4,2021.3/4,2021.3/4,2021.3/4,2021.4/4,2021.4/4,2021.4/4,2021.4/4,2021.4/4,2021.4/4,2021.4/4,2021.4/4,2021.4/4,2021.4/4,2021.4/4,2021.4/4,2021.4/4,2021.4/4,2021.4/4,2021.4/4,2021.4/4
"의료인력별(1)",의료인력별(2),전체,상급종합병원,종합병원,병원,요양병원,의원,치과병원,치과의원,조산원,한방병원,한의원,보건의료원,보건소,보건지소,보건진료소,약국,전체,상급종합병원,종합병원,병원,요양병원,의원,치과병원,치과의원,조산원,한방병원,한의원,보건의료원,보건소,보건지소,보건진료소,약국,전체,상급종합병원,종합병원,병원,요양병원,의원,치과병원,치과의원,조산원,한방병원,한의원,보건의료원,보건소,보건지소,보건진료소,약국,전체,상급종합병원,종합병원,병원,요양병원,의원,치과병원,치과의원,조산원,한방병원,한의원,보건의료원,보건소,보건지소,보건진료소,약국,전체,상급종합병원,종합병원,병원,요양병원,의원,치과병원,치과의원,조산원,한방병원,한의원,보건의료원,보건소,보건지소,보건진료소,약국,전체,상급종합병원,종합병원,병원,요양병원,의원,치과병원,치과의원,조산원,한방병원,한의원,보건의료원,보건소,보건지소,보건진료소,약국,전체,상급종합병원,종합병원,병원,요양병원,의원,치과병원,치과의원,조산원,한방병원,한의원,보건의료원,보건소,보건지소,보건진료소,약국,전체,상급종합병원,종합병원,병원,요양병원,의원,치과병원,치과의원,조산원,한방병원,한의원,보건의료원,보건소,보건지소,보건진료소,약국,전체,상급종합병원,종합병원,병원,요양병원,의원,치과병원,치과의원,조산원,한방병원,한의원,보건의료원,보건소,보건지소,보건진료소,약국,전체,상급종합병원,종합병원,병원,요양병원,의원,치과병원,치과의원,조산원,한방병원,한의원,보건의료원,보건소,보건지소,보건진료소,약국,전체,상급종합병원,종합병원,병원,요양병원,의원,치과병원,치과의원,조산원,한방병원,한의원,보건의료원,보건소,보건지소,보건진료소,약국,전체,상급종합병원,종합병원,병원,요양병원,의원,치과병원,치과의원,조산원,한방병원,한의원,보건의료원,보건소,보건지소,보건진료소,약국,전체,상급종합병원,종합병원,병원,요양병원,정신병원,의원,치과병원,치과의원,조산원,한방병원,한의원,보건의료원,보건소,보건지소,보건진료소,약국,전체,상급종합병원,종합병원,병원,요양병원,정신병원,의원,치과병원,치과의원,조산원,한방병원,한의원,보건의료원,보건소,보건지소,보건진료소,약국,전체,상급종합병원,종합병원,병원,요양병원,정신병원,의원,치과병원,치과의원,조산원,한방병원,한의원,보건의료원,보건소,보건지소,보건진료소,약국,전체,상급종합병원,종합병원,병원,요양병원,정신병원,의원,치과병원,치과의원,조산원,한방병원,한의원,보건의료원,보건소,보건지소,보건진료소,약국
"전체",소계,232211,23823,26891,23195,21501,58640,2377,21345,27,3266,15821,237,1640,2415,0,31033,234992,24485,27303,23300,21625,59627,2456,21626,25,3332,15982,236,1609,2359,0,31027,235616,24384,27349,23183,21743,60074,2447,21706,22,3354,16051,235,1595,2354,0,31119,235556,24259,27234,23124,21559,60290,2459,21677,21,3442,16020,235,1592,2349,0,31295,239506,24383,27547,23814,22260,61646,2465,21889,21,3586,16163,233,1588,2328,0,31583,244981,25165,28394,24394,22820,62993,2545,22194,20,3761,16498,239,1586,2389,0,31983,245873,25081,28391,24492,22780,63576,2523,22269,20,3958,16583,241,1582,2394,0,31983,245771,24976,28183,24329,22715,63836,2517,22278,18,4087,16568,244,1573,2389,0,32058,248635,25082,28675,25037,23220,64356,2442,22392,19,4203,16552,239,1571,2372,0,32475,252024,25571,29364,25407,23226,65503,2497,22662,19,4454,16729,240,1533,2375,0,32444,252851,25361,29446,25623,23082,66027,2503,22785,18,4638,16760,240,1533,2376,0,32459,252694,25266,29406,25650,22669,66267,2474,22789,18,4755,16848,240,1533,2375,0,32404,255715,26367,28735,26281,21501,1572,67318,2506,22949,17,4946,16952,242,1528,2352,0,32449,258859,26968,29156,25997,21434,2149,68343,2539,23215,20,5069,17200,238,1499,2259,0,32773,258980,26805,29027,25689,21367,2253,68884,2530,23251,19,5176,17236,237,1487,2257,0,32762,258308,26626,28953,25258,21057,2304,69072,2506,23271,18,5272,17151,236,1484,2256,0,32844
"의사",소계,101060,20462,20544,10842,5822,40925,19,0,0,277,0,160,699,1310,0,0,102551,21074,20900,10905,5848,41439,20,0,0,281,0,157,665,1262,0,0,102613,20951,20889,10800,5911,41697,21,0,1,279,0,155,654,1255,0,0,102471,20879,20793,10730,5861,41845,21,0,0,287,0,157,656,1242,0,0,103394,20906,20905,10874,5898,42454,24,0,0,296,0,155,654,1228,0,0,105599,21582,21482,11058,5959,43103,27,1,0,316,0,159,651,1261,0,0,105865,21506,21455,11041,5992,43433,28,0,0,337,0,160,650,1263,0,0,105628,21437,21251,10957,5962,43576,28,0,0,346,0,163,648,1260,0,0,106144,21364,21540,11021,6029,43769,22,0,0,356,0,163,643,1237,0,0,107928,21827,22077,11107,6067,44419,24,0,0,393,0,158,630,1226,0,0,108167,21666,22135,11165,6076,44666,24,0,0,421,0,158,629,1227,0,0,107976,21556,22093,11072,6000,44781,25,0,0,434,0,157,633,1225,0,0,108613,22319,21370,10956,5397,790,45302,24,0,0,448,0,160,635,1212,0,0,109974,22868,21695,10736,5399,1080,45796,27,0,0,460,0,155,627,1131,0,0,110104,22732,21597,10661,5398,1138,46171,27,0,0,474,0,155,622,1129,0,0,109937,22629,21566,10487,5363,1156,46312,27,0,0,492,0,155,622,1128,0,0
"의사",일반의,5309,131,148,232,586,3114,0,0,0,89,0,10,224,775,0,0,5544,138,166,239,607,3180,0,0,0,92,0,24,232,866,0,0,5602,135,151,244,633,3233,0,0,1,86,0,28,236,855,0,0,5557,128,155,243,623,3205,0,0,0,91,0,28,235,849,0,0,5500,137,153,223,570,3214,0,0,0,92,0,27,236,848,0,0,5811,132,174,246,600,3305,0,0,0,91,0,25,270,968,0,0,5836,127,168,250,598,3331,0,0,0,96,0,26,269,971,0,0,5870,125,169,255,594,3358,0,0,0,102,0,25,272,970,0,0,5775,159,201,233,562,3272,0,0,0,97,0,26,269,956,0,0,5999,158,195,231,583,3408,0,0,0,109,0,19,262,1034,0,0,6014,141,186,253,583,3422,0,0,0,109,0,20,261,1039,0,0,6030,144,184,248,570,3413,0,0,0,123,0,20,266,1062,0,0,5988,153,207,228,518,4,3400,0,0,0,126,0,21,268,1063,0,0,6049,174,215,226,535,6,3510,2,0,0,132,0,14,262,973,0,0,6058,154,228,219,539,7,3523,3,0,0,134,0,15,257,979,0,0,6050,150,231,208,536,7,3528,3,0,0,133,0,15,258,981,0,0
"의사",인턴,2590,1636,952,2,0,0,0,0,0,0,0,0,0,0,0,0,2818,1722,1059,5,0,0,0,0,0,0,0,5,2,25,0,0,2754,1686,1035,5,0,0,0,0,0,0,0,1,2,25,0,0,2777,1717,1030,4,0,0,0,0,0,0,0,1,2,23,0,0,2660,1714,918,3,0,0,0,0,0,0,0,1,2,22,0,0,2893,1806,1014,7,0,0,0,0,0,0,0,5,11,50,0,0,2907,1822,1014,7,0,0,0,0,0,0,0,5,11,48,0,0,2863,1822,974,7,0,0,0,0,0,0,0,5,9,46,0,0,2794,1830,902,5,0,0,0,0,0,0,0,5,10,42,0,0,3066,1900,1066,4,0,0,0,0,0,0,0,3,18,75,0,0,3077,1909,1070,4,0,0,0,0,0,0,0,3,18,73,0,0,3021,1890,1060,4,0,0,0,0,0,0,0,3,16,48,0,0,2725,1747,916,4,0,0,0,0,0,0,0,0,2,16,40,0,0,3036,1975,1019,0,0,0,0,0,0,0,0,0,3,11,28,0,0,2977,1964,977,0,0,0,0,0,0,0,0,0,2,13,21,0,0,2981,1964,985,0,0,0,0,0,0,0,0,0,2,12,18,0,0
"의사",레지던트,10888,6938,3839,88,23,0,0,0,0,0,0,0,0,0,0,0,11002,7045,3848,86,23,0,0,0,0,0,0,0,0,0,0,0,10999,7047,3843,87,22,0,0,0,0,0,0,0,0,0,0,0,10990,7041,3843,84,22,0,0,0,0,0,0,0,0,0,0,0,10764,6978,3688,74,24,0,0,0,0,0,0,0,0,0,0,0,10829,7037,3693,75,22,0,0,0,0,0,0,0,0,2,0,0,10820,7037,3680,80,22,0,0,0,0,0,0,0,0,1,0,0,10773,7043,3627,80,22,0,0,0,0,0,0,0,0,1,0,0,10254,6745,3408,78,23,0,0,0,0,0,0,0,0,0,0,0,10146,6636,3405,82,22,0,0,0,0,0,0,0,0,1,0,0,10072,6610,3357,82,22,0,0,0,0,0,0,0,0,1,0,0,10048,6592,3353,81,21,0,0,0,0,0,0,0,0,1,0,0,9858,6824,2923,81,0,29,0,0,0,0,0,0,0,0,1,0,0,9841,6819,2912,62,0,47,0,0,0,0,0,0,0,0,1,0,0,9889,6834,2943,59,0,52,0,0,0,0,0,0,0,0,1,0,0,9853,6801,2943,56,0,52,0,0,0,0,0,0,0,0,1,0,0
"의사",전문의,82273,11757,15605,10520,5213,37811,19,0,0,188,0,150,475,535,0,0,83187,12169,15827,10575,5218,38259,20,0,0,189,0,128,431,371,0,0,83258,12083,15860,10464,5256,38464,21,0,0,193,0,126,416,375,0,0,83147,11993,15765,10399,5216,38640,21,0,0,196,0,128,419,370,0,0,84470,12077,16146,10574,5304,39240,24,0,0,204,0,127,416,358,0,0,86066,12607,16601,10730,5337,39798,27,1,0,225,0,129,370,241,0,0,86302,12520,16593,10704,5372,40102,28,0,0,241,0,129,370,243,0,0,86122,12447,16481,10615,5346,40218,28,0,0,244,0,133,367,243,0,0,87321,12630,17029,10705,5444,40497,22,0,0,259,0,132,364,239,0,0,88717,13133,17411,10790,5462,41011,24,0,0,284,0,136,350,116,0,0,89004,13006,17522,10826,5471,41244,24,0,0,312,0,135,350,114,0,0,88877,12930,17496,10739,5409,41368,25,0,0,311,0,134,351,114,0,0,90042,13595,17324,10643,4879,757,41902,24,0,0,322,0,137,351,108,0,0,91048,13900,17549,10448,4864,1027,42286,25,0,0,328,0,138,354,129,0,0,91180,13780,17449,10383,4859,1079,42648,24,0,0,340,0,138,352,128,0,0,91053,13714,17407,10223,4827,1097,42784,24,0,0,359,0,138,352,128,0,0
"치과의사",소계,25367,422,668,122,19,1,2343,21341,0,2,0,29,240,180,0,0,25762,436,683,124,20,2,2420,21622,0,1,0,30,248,176,0,0,25822,434,670,130,19,2,2411,21702,0,0,0,30,249,175,0,0,25792,434,662,131,17,2,2423,21673,0,0,0,29,244,177,0,0,26000,431,659,134,19,2,2421,21885,0,0,0,29,245,175,0,0,26453,453,691,135,19,3,2497,22188,0,0,0,31,250,186,0,0,26493,452,684,137,20,1,2471,22264,0,0,0,31,248,185,0,0,26486,455,673,132,20,1,2469,22273,0,0,0,31,247,185,0,0,26552,473,673,133,20,1,2404,22386,0,0,0,29,247,186,0,0,26895,471,683,142,19,1,2457,22656,0,0,0,33,242,191,0,0,27014,466,672,143,19,1,2464,22779,0,1,0,33,244,192,0,0,26978,464,665,141,19,1,2434,22783,0,2,0,33,245,191,0,0,27175,518,617,143,16,3,1,2467,22943,0,2,0,33,243,189,0,0,27489,518,623,139,15,4,1,2497,23209,0,2,0,33,244,204,0,0,27512,518,617,139,20,4,1,2487,23245,0,1,0,33,242,205,0,0,27491,511,613,136,19,5,1,2463,23265,0,1,0,33,239,205,0,0
"치과의사",일반의,21255,60,389,57,19,1,750,19545,0,2,0,27,232,173,0,0,21282,56,381,55,20,2,730,19606,0,1,0,27,239,165,0,0,21250,53,371,60,18,2,709,19605,0,0,0,27,241,164,0,0,21136,54,366,59,16,2,701,19510,0,0,0,26,236,166,0,0,21184,59,349,63,18,2,682,19584,0,0,0,26,237,164,0,0,21337,59,368,63,18,3,677,19708,0,0,0,29,240,172,0,0,20900,54,356,62,19,1,646,19324,0,0,0,29,238,171,0,0,20578,53,330,63,19,1,630,19045,0,0,0,29,237,171,0,0,20399,50,323,57,18,1,607,18907,0,0,0,28,237,171,0,0,20330,48,321,60,16,1,617,18855,0,0,0,30,221,161,0,0,20275,45,310,60,15,1,609,18819,0,1,0,30,223,162,0,0,19883,45,300,56,15,1,579,18471,0,2,0,30,223,161,0,0,19294,47,282,55,12,3,1,566,17921,0,2,0,30,215,160,0,0,19003,43,265,56,11,4,1,539,17666,0,2,0,31,217,168,0,0,18404,44,252,54,15,4,1,508,17110,0,1,0,30,215,170,0,0,18065,41,250,47,14,4,1,485,16813,0,1,0,30,210,169,0,0
"치과의사",인턴,387,37,28,0,0,0,321,1,0,0,0,0,0,0,0,0,370,36,28,0,0,0,304,0,0,0,0,1,1,0,0,0,372,37,28,0,0,0,305,0,0,0,0,1,1,0,0,0,372,37,27,0,0,0,306,0,0,0,0,1,1,0,0,0,345,39,23,0,0,0,281,0,0,0,0,1,1,0,0,0,355,43,21,0,0,0,290,0,0,0,0,0,1,0,0,0,347,42,20,0,0,0,284,0,0,0,0,0,1,0,0,0,347,42,20,0,0,0,284,0,0,0,0,0,1,0,0,0,308,54,22,0,0,0,231,0,0,0,0,0,1,0,0,0,314,50,25,0,0,0,238,0,0,0,0,0,1,0,0,0,332,51,25,0,0,0,255,0,0,0,0,0,1,0,0,0,327,50,24,0,0,0,252,0,0,0,0,0,1,0,0,0,352,57,15,0,0,0,0,279,0,0,0,0,0,1,0,0,0,349,52,14,0,0,0,0,283,0,0,0,0,0,0,0,0,0,346,52,14,0,0,0,0,280,0,0,0,0,0,0,0,0,0,345,52,14,0,0,0,0,279,0,0,0,0,0,0,0,0,0
"치과의사",레지던트,758,140,68,0,0,0,550,0,0,0,0,0,0,0,0,0,827,146,69,0,0,0,612,0,0,0,0,0,0,0,0,0,825,145,67,0,0,0,613,0,0,0,0,0,0,0,0,0,822,144,66,0,0,0,612,0,0,0,0,0,0,0,0,0,834,134,67,0,0,0,633,0,0,0,0,0,0,0,0,0,885,145,67,0,0,0,671,0,0,0,0,0,1,1,0,0,884,146,68,0,0,0,668,0,0,0,0,0,1,1,0,0,881,146,67,0,0,0,666,0,0,0,0,0,1,1,0,0,896,149,73,0,0,0,672,0,0,0,0,0,1,1,0,0,896,150,71,0,0,0,673,0,0,0,0,0,1,1,0,0,891,149,70,0,0,0,670,0,0,0,0,0,1,1,0,0,891,150,69,0,0,0,670,0,0,0,0,0,1,1,0,0,904,182,57,0,0,0,0,663,0,0,0,0,0,1,1,0,0,908,188,57,0,0,0,0,662,0,0,0,0,0,0,1,0,0,903,185,57,0,0,0,0,660,0,0,0,0,0,0,1,0,0,901,184,56,0,0,0,0,660,0,0,0,0,0,0,1,0,0
"치과의사",전문의,2967,185,183,65,0,0,722,1795,0,0,0,2,8,7,0,0,3283,198,205,69,0,0,774,2016,0,0,0,2,8,11,0,0,3375,199,204,70,1,0,784,2097,0,0,0,2,7,11,0,0,3462,199,203,72,1,0,804,2163,0,0,0,2,7,11,0,0,3637,199,220,71,1,0,825,2301,0,0,0,2,7,11,0,0,3876,206,235,72,1,0,859,2480,0,0,0,2,8,13,0,0,4362,210,240,75,1,0,873,2940,0,0,0,2,8,13,0,0,4680,214,256,69,1,0,889,3228,0,0,0,2,8,13,0,0,4949,220,255,76,2,0,894,3479,0,0,0,1,8,14,0,0,5355,223,266,82,3,0,929,3801,0,0,0,3,19,29,0,0,5516,221,267,83,4,0,930,3960,0,0,0,3,19,29,0,0,5877,219,272,85,4,0,933,4312,0,0,0,3,20,29,0,0,6625,232,263,88,4,0,0,959,5022,0,0,0,3,26,28,0,0,7229,235,287,83,4,0,0,1013,5543,0,0,0,2,27,35,0,0,7859,237,294,85,5,0,0,1039,6135,0,0,0,3,27,34,0,0,8180,234,293,89,5,1,0,1039,6452,0,0,0,3,29,35,0,0
"한의사",소계,20512,3,26,96,1832,0,0,0,0,1733,15800,23,295,704,0,0,20694,3,26,95,1825,0,0,0,0,1767,15959,25,294,700,0,0,20789,3,33,104,1844,0,0,0,0,1763,16027,24,292,699,0,0,20759,3,32,101,1834,0,0,0,0,1782,15992,23,292,700,0,0,20972,3,31,103,1864,0,2,0,0,1828,16135,22,292,692,0,0,21422,3,29,101,1887,0,2,0,0,1920,16466,22,286,706,0,0,21587,3,30,108,1903,0,2,0,0,1977,16551,23,286,704,0,0,21630,3,30,103,1923,0,1,0,0,2022,16537,23,284,704,0,0,21650,2,31,101,1925,0,0,0,0,2060,16522,20,285,704,0,0,21904,2,30,103,1897,0,0,0,0,2178,16699,22,265,708,0,0,22006,2,31,112,1891,0,0,0,0,2244,16730,22,263,711,0,0,22038,2,31,124,1877,0,0,0,0,2265,16748,22,259,710,0,0,22161,2,29,123,1835,4,0,0,0,0,2331,16850,22,258,707,0,0,22461,2,28,131,1852,3,0,0,0,0,2403,17102,22,241,677,0,0,22584,2,29,125,1902,3,0,0,0,0,2448,17137,22,238,678,0,0,22542,1,29,123,1888,2,0,0,0,0,2505,17053,22,239,680,0,0
"한의사",일반의,17383,0,13,74,1664,0,0,0,0,449,14293,14,252,624,0,0,17514,0,14,72,1663,0,0,0,0,463,14424,18,250,610,0,0,17613,0,14,77,1685,0,0,0,0,475,14487,17,248,610,0,0,17570,0,13,75,1676,0,0,0,0,483,14447,16,248,612,0,0,17718,0,12,79,1696,0,2,0,0,499,14560,15,248,607,0,0,18041,0,10,77,1717,0,2,0,0,527,14828,15,236,629,0,0,18184,0,11,81,1728,0,2,0,0,574,14908,16,236,628,0,0,18219,0,11,77,1744,0,1,0,0,616,14893,16,234,627,0,0,18222,0,12,74,1749,0,0,0,0,638,14875,13,234,627,0,0,18391,0,11,75,1717,0,0,0,0,708,15014,18,210,638,0,0,18480,0,12,82,1711,0,0,0,0,764,15044,18,210,639,0,0,18507,0,12,92,1702,0,0,0,0,790,15045,18,208,640,0,0,18605,0,12,89,1659,4,0,0,0,0,843,15137,18,207,636,0,0,18839,0,11,96,1674,3,0,0,0,0,888,15347,20,196,604,0,0,18938,0,10,88,1716,3,0,0,0,0,930,15371,20,195,605,0,0,18909,0,10,86,1704,2,0,0,0,0,984,15300,20,195,608,0,0
"한의사",일반수련의,284,0,0,0,1,0,0,0,0,283,0,0,0,0,0,0,298,0,0,1,1,0,0,0,0,283,0,0,0,13,0,0,289,0,0,3,0,0,0,0,0,273,0,0,0,13,0,0,290,0,0,3,2,0,0,0,0,273,0,0,0,12,0,0,297,0,0,3,2,0,0,0,0,280,0,0,0,12,0,0,289,0,0,3,2,0,0,0,0,262,0,0,8,14,0,0,289,0,0,3,3,0,0,0,0,261,0,0,8,14,0,0,285,0,0,0,5,0,0,0,0,257,0,0,9,14,0,0,287,0,0,1,2,0,0,0,0,263,0,0,8,13,0,0,305,0,0,1,2,0,0,0,0,270,0,0,7,25,0,0,292,0,0,1,3,0,0,0,0,257,0,0,6,25,0,0,287,0,0,3,2,0,0,0,0,253,0,0,6,23,0,0,331,0,0,4,2,0,0,0,0,0,296,0,0,6,23,0,0,310,0,0,1,1,0,0,0,0,0,280,0,1,4,23,0,0,305,0,0,2,2,0,0,0,0,0,273,0,1,4,23,0,0,302,0,0,2,3,0,0,0,0,0,270,0,1,4,22,0,0
"한의사",전문수련의,347,0,0,0,0,0,0,0,0,347,0,0,0,0,0,0,352,0,0,0,1,0,0,0,0,351,0,0,0,0,0,0,354,0,3,0,1,0,0,0,0,350,0,0,0,0,0,0,354,0,3,0,0,0,0,0,0,351,0,0,0,0,0,0,368,0,2,0,0,0,0,0,0,366,0,0,0,0,0,0,402,0,2,0,0,0,0,0,0,399,0,0,0,1,0,0,398,0,2,0,0,0,0,0,0,395,0,0,0,1,0,0,399,0,2,0,0,0,0,0,0,396,0,0,0,1,0,0,410,0,2,0,0,0,0,0,0,407,0,0,0,1,0,0,421,0,2,1,1,0,0,0,0,412,0,0,1,4,0,0,428,0,2,1,1,0,0,0,0,419,0,0,1,4,0,0,429,0,2,1,1,0,0,0,0,420,0,0,1,4,0,0,394,0,0,1,1,0,0,0,0,0,387,0,0,1,4,0,0,405,0,0,1,1,0,0,0,0,0,400,0,0,1,2,0,0,407,0,2,1,1,0,0,0,0,0,400,0,0,1,2,0,0,402,0,2,0,1,0,0,0,0,0,396,0,0,1,2,0,0
"한의사",전문의,2498,3,13,22,167,0,0,0,0,654,1507,9,43,80,0,0,2530,3,12,22,160,0,0,0,0,670,1535,7,44,77,0,0,2533,3,16,24,158,0,0,0,0,665,1540,7,44,76,0,0,2545,3,16,23,156,0,0,0,0,675,1545,7,44,76,0,0,2589,3,17,21,166,0,0,0,0,683,1575,7,44,73,0,0,2690,3,17,21,168,0,0,0,0,732,1638,7,42,62,0,0,2716,3,17,24,172,0,0,0,0,747,1643,7,42,61,0,0,2727,3,17,26,174,0,0,0,0,753,1644,7,41,62,0,0,2731,2,17,26,174,0,0,0,0,752,1647,7,43,63,0,0,2787,2,17,26,177,0,0,0,0,788,1685,4,47,41,0,0,2806,2,17,28,176,0,0,0,0,804,1686,4,46,43,0,0,2815,2,17,28,172,0,0,0,0,802,1703,4,44,43,0,0,2831,2,17,29,173,0,0,0,0,0,805,1713,4,44,44,0,0,2907,2,17,33,176,0,0,0,0,0,835,1755,1,40,48,0,0,2934,2,17,34,183,0,0,0,0,0,845,1766,1,38,48,0,0,2929,1,17,35,180,0,0,0,0,0,855,1753,1,39,48,0,0
"조산사",소계,72,0,12,11,0,21,0,0,27,0,0,0,1,0,0,0,81,0,15,13,0,27,0,0,25,0,0,0,1,0,0,0,78,0,15,15,0,26,0,0,21,0,0,0,1,0,0,0,75,0,13,15,0,25,0,0,21,0,0,0,1,0,0,0,73,0,12,15,0,24,0,0,21,0,0,0,1,0,0,0,73,0,11,17,0,24,0,0,20,0,0,0,1,0,0,0,74,0,11,19,0,23,0,0,20,0,0,0,1,0,0,0,69,0,10,18,0,22,0,0,18,0,0,0,1,0,0,0,73,0,10,20,0,23,0,0,19,0,0,0,1,0,0,0,74,0,9,21,0,24,0,0,19,0,0,0,1,0,0,0,73,0,9,20,0,25,0,0,18,0,0,0,1,0,0,0,70,0,8,19,0,24,0,0,18,0,0,0,1,0,0,0,71,2,6,20,0,0,25,0,0,17,0,0,0,1,0,0,0,73,2,5,20,0,0,25,0,0,20,0,0,0,1,0,0,0,68,2,5,18,0,0,23,0,0,19,0,0,0,1,0,0,0,63,2,5,16,0,0,21,0,0,18,0,0,0,1,0,0,0
"약사",소계,37541,1772,1587,1342,1482,40,10,0,0,219,21,4,29,2,0,31033,37571,1798,1577,1338,1490,42,10,0,0,233,22,4,28,2,0,31027,37694,1802,1592,1355,1492,43,9,0,0,225,23,5,27,2,0,31119,37837,1749,1581,1360,1493,45,9,0,0,245,26,5,27,2,0,31295,38312,1844,1658,1356,1504,42,10,0,0,257,26,5,26,1,0,31583,38831,1891,1683,1377,1520,42,10,0,0,265,31,5,23,1,0,31983,38864,1875,1678,1396,1539,46,10,0,0,276,31,6,23,1,0,31983,38941,1814,1718,1405,1545,48,10,0,0,285,30,6,21,1,0,32058,39587,1970,1791,1391,1548,47,9,1,0,298,29,6,21,1,0,32475,39705,1997,1893,1397,1556,47,9,1,0,303,29,6,21,2,0,32444,39713,1953,1907,1408,1564,46,9,1,0,307,30,6,21,2,0,32459,39765,1956,1911,1414,1563,46,9,1,0,333,99,6,21,2,0,32404,40067,2180,1929,1358,1429,172,49,9,1,0,362,101,6,20,2,0,32449,40444,2213,1943,1306,1425,235,48,9,1,0,365,98,6,20,2,0,32773,40397,2178,1925,1296,1420,249,49,10,1,0,380,99,6,20,2,0,32762,40388,2107,1892,1289,1418,257,47,10,1,0,399,98,5,19,2,0,32844
"물리치료사",소계,37247,658,2820,7835,7107,17251,2,2,0,969,0,21,370,212,0,0,37857,662,2846,7874,7171,17708,3,2,0,991,1,20,367,212,0,0,38009,670,2881,7804,7125,17895,3,2,0,1027,1,21,366,214,0,0,38015,667,2874,7814,7023,17963,3,2,0,1061,2,21,366,219,0,0,39733,678,2973,8244,7390,18696,3,2,0,1136,2,22,364,223,0,0,41113,692,3096,8495,7644,19374,4,3,0,1187,1,22,369,226,0,0,41421,691,3117,8536,7523,19635,6,3,0,1288,1,21,368,232,0,0,41457,702,3078,8505,7452,19753,4,3,0,1341,1,21,366,231,0,0,42604,716,3188,8924,7684,20069,4,3,0,1390,1,21,368,236,0,0,43389,710,3211,9120,7685,20552,4,3,0,1474,1,21,368,240,0,0,43697,709,3223,9198,7564,20814,3,3,0,1557,0,21,369,236,0,0,43735,714,3202,9243,7375,20954,3,3,0,1611,1,22,368,239,0,0,45108,752,3258,9899,7404,25,21450,3,3,0,1693,1,21,365,234,0,0,45758,766,3298,9954,7367,45,21973,3,3,0,1730,0,22,360,237,0,0,45708,761,3290,9819,7270,51,22132,3,3,0,1765,0,21,358,235,0,0,45385,760,3269,9645,7089,52,22188,3,3,0,1765,0,21,357,233,0,0
"작업치료사",소계,6728,280,744,2259,3187,188,0,0,0,64,0,0,1,5,0,0,6728,275,754,2261,3191,184,0,0,0,57,0,0,1,5,0,0,6787,277,757,2283,3222,182,0,0,0,58,0,0,1,7,0,0,6807,282,764,2296,3211,183,0,0,0,63,0,0,1,7,0,0,7202,280,778,2416,3448,207,0,0,0,65,0,0,1,7,0,0,7518,291,836,2521,3572,223,0,0,0,67,0,0,1,7,0,0,7521,292,837,2549,3543,217,0,0,0,75,0,0,1,7,0,0,7465,294,833,2495,3533,217,0,0,0,86,0,0,1,6,0,0,7910,292,841,2738,3717,228,0,0,0,87,0,0,1,6,0,0,7979,290,850,2797,3701,240,0,0,0,94,0,0,1,6,0,0,8025,286,848,2860,3681,249,0,0,0,94,0,0,1,6,0,0,7996,295,864,2926,3570,242,0,0,0,92,0,0,1,6,0,0,8380,304,878,3242,3578,7,271,0,0,0,93,0,0,1,6,0,0,8417,303,906,3309,3509,9,282,0,0,0,92,0,0,1,6,0,0,8384,308,904,3283,3495,11,287,0,0,0,89,0,0,1,6,0,0,8267,309,917,3224,3425,12,284,0,0,0,88,0,0,2,6,0,0
"사회복지사",소계,3684,226,490,688,2052,214,3,2,0,2,0,0,5,2,0,0,3748,237,502,690,2080,225,3,2,0,2,0,0,5,2,0,0,3824,247,512,692,2130,229,3,2,0,2,0,0,5,2,0,0,3800,245,515,677,2120,227,3,2,0,4,0,0,5,2,0,0,3820,241,531,672,2137,221,5,2,0,4,0,0,5,2,0,0,3972,253,566,690,2219,224,5,2,0,6,0,0,5,2,0,0,4048,262,579,706,2260,221,6,2,0,5,0,0,5,2,0,0,4095,271,590,714,2280,219,5,2,0,7,0,0,5,2,0,0,4115,265,601,709,2297,219,3,2,0,12,0,0,5,2,0,0,4150,274,611,720,2301,220,3,2,0,12,0,0,5,2,0,0,4156,279,621,717,2287,226,3,2,0,14,0,0,5,2,0,0,4136,279,632,711,2265,219,3,2,0,18,0,0,5,2,0,0,4140,290,648,540,1842,571,220,3,2,0,17,0,0,5,2,0,0,4243,296,658,402,1867,773,218,3,2,0,17,0,0,5,2,0,0,4223,304,660,348,1862,797,221,3,2,0,19,0,0,5,2,0,0,4235,307,662,338,1855,820,219,3,2,0,22,0,0,5,2,0,0
