* 통계표명 :,평균매매가격_아파트,,,,,,,,,,,,,,,,,,,,,,,,,,,,,,,,,,,,,,,,,,,,,,,,,,
* 수록기간 :,2012년 01월 ~ 2023년 06월,,,,,,,,,,,,,,,,,,,,,,,,,,,,,,,,,,,,,,,,,,,,,,,,,,
* 조회기간 :,2012년 01월 ~ 2023년 06월,,,,,,,,,,,,,,,,,,,,,,,,,,,,,,,,,,,,,,,,,,,,,,,,,,
* 출처 :,한국부동산원,,,,,,,,,,,,,,,,,,,,,,,,,,,,,,,,,,,,,,,,,,,,,,,,,,
* 자료다운일자 :,2023.07.17 16:51:39,,,,,,,,,,,,,,,,,,,,,,,,,,,,,,,,,,,,,,,,,,,,,,,,,,
* 단위 :,천원,,,,,,,,,,,,,,,,,,,,,,,,,,,,,,,,,,,,,,,,,,,,,,,,,,
,,,,,,,,,,,,,,,,,,,,,,,,,,,,,,,,,,,,,,,,,,,,,,,,,,,
지 역,,,,2018년 01월,2018년 02월,2018년 03월,2018년 04월,2018년 05월,2018년 06월,2018년 07월,2018년 08월,2018년 09월,2018년 10월,2018년 11월,2018년 12월,2019년 01월,2019년 02월,2019년 03월,2019년 04월,2019년 05월,2019년 06월,2019년 07월,2019년 08월,2019년 09월,2019년 10월,2019년 11월,2019년 12월,2020년 01월,2020년 02월,2020년 03월,2020년 04월,2020년 05월,2020년 06월,2020년 07월,2020년 08월,2020년 09월,2020년 10월,2020년 11월,2020년 12월,2021년 01월,2021년 02월,2021년 03월,2021년 04월,2021년 05월,2021년 06월,2021년 07월,2021년 08월,2021년 09월,2021년 10월,2021년 11월,2021년 12월
전국,,,,315961,318503,319757,320248,320271,320157,320135,320944,323915,325205,325441,325014,349426,348312,347165,345809,344891,344322,344195,344332,344798,346156,348031,351787,366793,368783,372016,373252,373608,375821,380260,383529,386235,387973,391180,396418,401083,406808,410921,414983,419019,426064,491728,498221,504121,509748,513344,514584
수도권,,,,433036,438388,441072,442293,442791,443063,443484,445796,452134,454789,455343,454751,494703,492831,490992,488927,487610,487015,487319,487968,489161,491842,495204,501863,526563,529737,535290,537404,537976,540878,547544,551580,554605,556292,559427,564152,569996,578553,584631,590858,596817,607706,721261,731999,741851,750761,756331,758448
지방권,,,,204969,204847,204747,204545,204117,203639,203196,202580,202359,202355,202288,202019,212775,212376,211878,211189,210647,210102,209570,209226,209007,209122,209598,210622,216470,217346,218396,218805,218958,220524,222866,225414,227820,229605,232881,238600,242156,245216,247481,249507,251732,255160,284270,286926,289254,291913,293724,294172
6대광역시,,,,257577,257757,257913,258022,257979,257734,257504,257083,257274,257953,258452,258723,268938,268648,268373,267881,267546,267229,266913,266800,267117,267749,268875,270787,282145,283622,286740,288289,289127,291510,293779,295977,298907,301505,306330,313976,319357,324733,329139,333113,337314,343728,383138,387876,391941,396018,398633,399441
5대광역시,,,,257017,257173,257333,257482,257461,257185,256982,256667,256974,257748,258236,258432,268263,267982,267607,266998,266602,266200,265837,265822,266043,266713,267920,269942,279447,280685,281802,282207,282411,284258,286501,289025,292516,295565,301179,310102,315661,320582,324076,326852,330023,335004,376739,380322,383268,386256,388179,388641
9개도,,,,238264,239005,239525,239805,239625,239447,239152,238908,240035,240878,241227,240882,256875,256187,255377,254040,253004,252272,251913,251822,251997,252503,253455,255283,267026,269711,273689,275851,276896,279176,282802,285607,287988,289446,292432,297085,301537,307255,311488,315521,319114,325519,378416,385037,390587,395903,399101,400376
8개도,,,,158150,157775,157425,156891,156081,155401,154716,153821,153151,152481,151918,151234,161976,161477,160906,160207,159551,158933,158293,157687,157096,156745,156613,156713,159128,159420,159699,159834,159900,160928,162478,163605,164465,165065,166374,169487,171393,172916,174183,175607,177125,179434,199347,201479,203462,206022,208031,209077
서울,,,,673522,686220,691838,693673,694435,694739,695931,702383,716453,720347,719724,717749,810129,806027,802157,799211,797617,797214,798302,799721,801480,807121,813573,827228,877128,877185,876857,873791,870742,871897,881834,886216,888511,889368,890267,893100,897254,903824,907112,911604,917127,928126,1109300,1119250,1130427,1140659,1148288,1151469
,강북지역,,,499764,505766,510345,512411,514258,516310,518747,523574,531666,534976,535854,535332,631013,629346,627519,625925,624851,624186,624516,625416,626779,630124,633544,637388,675350,676819,678287,678617,677858,678430,685811,689877,692167,693234,694164,696247,698717,703759,706869,709378,712028,717529,932956,940618,947553,954872,960377,961984
,,도심권,,853086,870844,881688,886041,889833,893521,899063,912257,924886,929826,930707,929786,1072816,1070072,1067634,1065136,1063994,1062936,1063430,1064677,1066681,1071610,1077688,1084210,1138146,1139670,1140734,1139946,1138092,1138299,1146247,1151761,1155219,1156252,1157417,1160062,1163121,1168493,1171130,1173839,1176631,1181377,1320062,1330641,1341669,1356861,1369520,1373459
,,,종로구,602125,607646,611500,615833,619167,622708,626417,631021,637167,642313,643875,644083,710411,709786,709661,709554,709214,709250,709250,709679,711357,713732,715696,720375,1022319,1023083,1023917,1023250,1021861,1022514,1029542,1033625,1036486,1036681,1037986,1039903,1041444,1044347,1045819,1047819,1048722,1050750,986488,993400,1000450,1010325,1019263,1020950
,,,중구,623017,631950,640967,646217,651383,655550,661633,670733,682467,688617,691400,692683,775667,773200,771283,769767,768983,768583,768833,770233,771567,776133,780283,783633,795743,796557,797357,796986,796157,796086,802257,806143,807771,808743,809900,812157,814614,820100,822257,823314,824371,829486,1055520,1062180,1069810,1079570,1088060,1089582
,,,용산구,1080385,1107821,1122308,1126141,1129295,1132756,1138654,1157410,1172949,1177103,1176615,1173987,1378500,1374816,1371224,1367276,1365632,1363789,1364605,1366066,1368579,1374658,1383368,1392408,1389939,1392207,1393524,1392439,1389780,1389963,1399354,1406439,1411232,1412659,1413768,1416951,1421012,1427366,1430780,1434768,1439390,1445073,1691671,1707042,1722671,1744636,1762294,1769182
,,동북권,,441505,445707,449147,450409,451549,452952,454704,457790,464968,467895,468924,468423,557957,556709,554967,553344,552174,551441,551600,552319,553471,556271,559056,562291,585414,586815,588416,589155,588821,589687,596352,600137,602112,603028,603947,605798,608112,612746,615890,618404,621046,626294,850294,857434,863398,868135,871360,872612
,,,성동구,680771,696188,704458,705333,704094,705063,708469,714073,726677,728958,729604,728615,881926,880096,876809,872383,866149,863011,863255,864926,867574,873383,879979,887713,899118,900431,901725,901549,900892,902245,910716,916402,918667,920020,921108,923402,927029,934049,938029,940000,942235,947157,1344052,1351519,1357976,1363538,1367371,1368833
,,,광진구,765921,778895,788026,791842,794197,793447,793132,794039,803842,806118,807961,806987,902974,900342,898237,896553,896079,895737,896184,897658,899434,906013,910118,916039,1014402,1014671,1014598,1013671,1012195,1013329,1021037,1025866,1029256,1030878,1032220,1034524,1038378,1047439,1053024,1056524,1059476,1063805,1234964,1241414,1245636,1249686,1252843,1254029
,,,동대문구,447890,450530,452840,455030,456880,459840,463030,468770,476320,480480,481590,480280,593904,592319,588819,586734,585628,584479,584181,585085,586223,589319,592564,596926,652774,654802,656208,656472,655708,657179,665679,669858,673406,674415,675151,677453,680226,686179,689066,691019,692849,695896,864442,869689,876267,879670,881262,882126
,,,중랑구,353115,354219,355302,355781,356958,358656,360531,362083,366052,368031,368521,368500,444432,443932,443193,442682,442545,442318,442080,442398,442989,444489,446216,447364,451372,452181,453085,453660,453798,454000,458202,461213,463415,464234,465032,465979,467638,469957,471404,472968,474011,476457,638929,644734,649806,652286,654594,655869
,,,성북구,447027,452582,459909,463073,466691,469409,471745,475355,482518,485500,486845,486691,558217,557349,556443,554915,554453,553868,553717,554217,555113,557019,559651,562491,589518,590634,592536,592268,591607,591839,597393,601402,603741,604429,605696,607089,608661,611143,613348,615545,617679,622402,819598,826170,832738,840638,846952,848550
,,,강북구,385643,387071,389143,390486,392986,396257,400214,404886,412929,417014,418629,418743,478758,478576,478030,478076,477727,477545,478667,479545,480848,482591,484242,485515,495000,496847,498750,500042,499917,500583,508569,512236,513611,514361,514944,516681,518278,522319,523861,525222,526583,530847,692066,696157,699603,702050,702711,702793
,,,도봉구,350782,351909,353036,353909,354755,355809,356991,359100,365191,368391,369300,369064,431198,429811,427830,427255,426519,426066,426387,426802,427491,429009,430670,432802,420883,422419,424285,425803,425829,426723,432455,435491,436295,436875,437402,438554,440214,443920,447009,448964,451598,455955,667923,676167,681606,685023,687063,687760
,,,노원구,362431,363675,364925,364975,365163,365706,366313,368413,374400,377194,378144,377669,445903,444779,443591,442091,441760,441604,441857,442292,443195,445448,447370,449487,467222,468846,470932,472685,472710,473617,480086,483210,484531,485395,486340,488586,490833,495278,498951,502623,506691,514914,695432,705035,712228,718152,722041,723905
,,서북권,,539499,546350,551999,555783,559171,562704,566082,573086,582253,586144,586498,586089,679158,676554,674713,673628,672914,672655,673490,674851,676639,681118,685491,690191,764497,766171,767381,766847,765161,764905,774441,778785,781597,783191,784052,786655,789379,795643,798861,801258,803866,810576,956231,963766,971238,981723,989903,991224
,,,은평구,438344,440122,441544,442456,444189,446244,448389,454478,463311,467011,467200,467411,537430,536907,534256,533384,532919,532756,533233,533256,534337,536500,538756,542267,601337,602496,603490,603612,603653,603929,610286,613449,616367,617337,618031,619663,621398,625051,627041,629459,631561,635510,797275,805220,812560,820038,826791,827077
,,,서대문구,486250,490636,494625,498807,502409,506659,509227,512682,518830,522386,522864,522523,611583,610369,609167,608321,607167,606512,606607,607619,608571,611119,614726,618262,643739,644826,645804,645533,644891,644891,651022,655065,657641,658402,659000,660500,662261,664859,666489,667728,668935,672652,914506,919218,923718,932420,938879,940270
,,,마포구,657137,669735,679882,685598,690108,694255,699186,709520,721176,725461,725853,724912,839735,834480,832796,831367,830786,830745,832408,835071,838031,845745,852337,858827,986221,988750,990308,989048,985192,984317,998962,1004481,1007385,1010106,1011298,1015510,1019750,1030865,1036260,1039510,1043577,1054750,1134507,1144094,1154232,1168941,1179877,1182064
,강남지역,,,820158,838508,845003,846643,846489,845318,845459,853282,872397,876784,874895,871693,960637,954488,948901,944819,942788,942606,944331,946186,948277,955848,964848,986745,1048388,1047246,1045394,1039446,1034452,1036102,1048209,1052860,1055158,1055837,1056709,1060180,1065763,1073630,1077069,1083244,1091206,1106871,1279123,1291275,1306537,1319575,1329249,1333947
,,서남권,,534716,541215,544954,548022,550422,552233,555307,561285,572665,575476,575686,575004,651671,649874,647408,644663,643133,642657,643612,644337,645274,648766,653670,661858,691581,691297,692219,692695,692475,693670,701177,705187,707843,708683,709620,711398,713979,718524,722318,725522,729299,735882,920207,927408,935507,942268,947148,949342
,,,양천구,705708,718667,721208,718308,717350,715925,717292,726267,742283,744592,744692,743642,808806,804463,798612,792164,789597,788881,792022,793000,793649,799910,807642,827381,876286,876079,876279,875343,873414,875407,884850,889929,893000,893800,894514,897150,900700,906261,912611,918546,925554,934686,1196524,1202141,1208153,1212415,1216395,1218141
,,,강서구,481953,489414,496055,503773,506711,508195,510414,514484,525992,529813,529859,529313,583185,582395,581177,578968,577355,576395,576169,576645,577379,579476,583266,588250,615250,615932,616598,617386,617000,617136,623697,627288,629871,630788,631848,633348,635697,638765,641561,643379,645197,649356,849210,858741,870094,878239,885173,887913
,,,구로구,424241,427845,429871,433267,436086,439517,442216,444526,449397,451672,452216,451836,526882,526518,526355,525373,525009,525009,525191,525691,526582,528918,532273,535682,553669,555398,557297,559042,560483,562559,570017,573797,576415,577288,578212,579432,581500,584275,586347,587924,589737,593008,665836,671066,677414,683172,688553,691352
,,,금천구,348900,349257,349971,350671,351871,352957,354171,356529,361414,363686,364329,364400,404297,403906,403281,403016,402859,402859,403266,403594,404125,405625,407875,410234,514411,514666,515526,516397,516756,517782,521923,524231,525885,526526,527038,527949,528897,531090,532372,533577,534910,538564,638543,641853,646434,651938,654875,654588
,,,영등포구,589568,596145,599964,603891,606636,608955,614636,625436,639600,642873,643909,643364,777065,775287,772435,771306,769769,769528,770630,771861,773546,778546,784352,790361,811102,805448,806083,806032,805485,806553,815280,820331,823466,824356,825407,827110,829424,835983,839661,843220,848780,856695,1139713,1147357,1156448,1163800,1168135,1170000
,,,동작구,642030,648350,654800,660570,666840,670710,675720,684200,702310,705200,704200,702530,807327,804143,799714,794531,791704,791071,792908,793969,795327,799561,806469,819582,835058,836250,837442,837192,836577,837298,844644,847923,849327,849827,850404,851606,854606,860038,865644,870644,876106,888529,1065149,1074886,1085873,1095958,1103453,1108527
,,,관악구,423337,425228,426630,427467,429576,432283,435630,438293,443739,445891,446076,445815,496558,495651,494651,493430,492686,492360,492174,492419,492965,494407,497023,500186,510957,511435,512663,514283,515196,516554,523196,526967,530511,531663,533272,536359,539489,545370,549120,551587,553707,558848,745299,753247,759655,765529,766920,766994
,,동남권,,1138297,1169856,1179422,1179469,1176471,1171975,1168847,1178726,1206462,1212606,1208378,1202367,1300613,1289677,1280655,1275100,1272520,1272660,1275232,1278331,1281692,1293752,1307259,1344241,1443392,1441301,1436376,1423316,1413039,1415192,1432391,1437751,1439654,1440154,1440954,1446299,1455206,1466751,1469797,1479261,1491855,1517575,1745838,1764430,1789004,1810205,1826114,1834068
,,,서초구,1306195,1346953,1352734,1352148,1348648,1346188,1346086,1357820,1394578,1402102,1398398,1394773,1555515,1544321,1536679,1527799,1524067,1523590,1527097,1531560,1536963,1546149,1559873,1594724,1775269,1776966,1770507,1750110,1731616,1732849,1751014,1757795,1759164,1759747,1761322,1771322,1783411,1797521,1807781,1818192,1834199,1873390,1983714,2006381,2035696,2060762,2084527,2094883
,,,강남구,1418398,1454511,1466210,1466237,1463059,1455855,1449339,1460570,1495366,1501737,1502559,1493269,1617961,1600129,1586730,1582011,1580775,1581596,1584787,1589466,1593747,1611242,1630096,1678062,1758527,1755204,1749409,1732086,1714102,1714914,1731527,1738333,1741538,1742161,1742968,1748478,1757349,1768618,1760156,1772882,1789457,1818801,2196672,2218407,2249256,2275295,2292907,2304003
,,,송파구,1032208,1056965,1068264,1067938,1063993,1056972,1052486,1062549,1077813,1083326,1070514,1063479,1113576,1107382,1100618,1098257,1098146,1099660,1102847,1104521,1106472,1118417,1130090,1166361,1256877,1251701,1245727,1235416,1234545,1240305,1260838,1265377,1266416,1266792,1267214,1270682,1279766,1292870,1301260,1310260,1321318,1341981,1606536,1625248,1648966,1670424,1684514,1690684
,,,강동구,572700,594793,602720,604327,603973,605960,607187,611693,635327,640220,640713,639167,735167,728643,721690,713683,706183,703675,702968,703944,705429,711976,719000,740921,787716,787881,788179,787343,785164,784776,796149,798575,800418,800806,801209,803306,807813,813870,817990,821482,825448,835836,988594,997388,1008121,1017067,1023500,1026442
경기,,,,321896,323802,325231,326362,326840,327185,327297,327732,330735,333158,334458,334469,355541,354658,353599,351599,350168,349317,349249,349695,350665,352063,354143,357767,378093,383242,391027,395275,397329,400898,406661,411193,415139,417481,422192,428430,435503,445540,452826,459543,465274,475895,574980,586528,595994,604334,608837,610363
,경부1권,,,486002,495536,501109,504683,506360,507203,507759,509092,517686,521553,522139,521254,578729,575863,573063,568727,565529,563985,563960,565504,568537,573243,578536,587379,623460,627362,635544,640710,643165,645239,651671,657948,663007,666871,672850,681023,691579,705532,715671,726031,737794,756755,867741,885012,897622,908575,913691,915635
,,과천시,,862396,894063,900729,905729,906979,906146,906146,910000,948438,961563,963021,961771,1138229,1135292,1123646,1106417,1097583,1103500,1119833,1141229,1152688,1173167,1202104,1244646,1277104,1274688,1273625,1271167,1259229,1252208,1260208,1270396,1276354,1277958,1278688,1292229,1310583,1330208,1340167,1344000,1349292,1368271,1626438,1643766,1650594,1656266,1664891,1672172
,,안양시,,406095,408300,410471,412405,413273,414061,414912,416579,421326,425996,426875,427031,477815,476241,477759,473538,470727,469183,465987,466460,468872,471715,475256,483244,501499,509480,521684,529028,533489,537566,541945,545383,549345,553694,558437,563770,571466,582922,595620,611936,630622,662823,677179,697518,711484,725665,726707,727256
,,,만안구,354909,356273,357284,358307,358489,358920,359034,359909,362864,365205,366045,366114,409660,408287,407106,403926,402489,400649,394383,395298,396787,400149,404883,410309,437979,446260,455604,462646,467646,471521,474844,478177,481406,484042,487042,490542,497604,507833,518656,530542,537375,550469,549667,561500,571232,580415,571361,572918
,,,동안구,430770,433381,436111,438484,439683,440643,441849,443897,449508,455302,456198,456397,512715,511038,513938,509185,505669,504277,502654,502900,505785,508362,511292,520592,534326,542152,555833,563333,567515,571697,576621,580114,584455,589689,595333,601614,609636,621727,635394,654000,678811,720886,759056,784856,801540,818930,826456,826358
,,성남시,,609982,629659,641302,648257,651671,653040,653654,655512,668900,672415,672418,670161,756756,751400,745578,741251,738394,737191,739670,741980,745558,752531,760277,769743,835824,836599,836927,836267,836216,836785,846778,857494,864928,869838,880051,893841,909657,923456,929675,933863,938429,944644,1108672,1122217,1132584,1140365,1146272,1148887
,,,수정구,474000,480903,490435,494016,497645,499532,500048,500548,508903,513177,513210,510210,672049,665037,655598,650720,650683,650073,653012,657049,661049,669683,681012,697098,868940,872690,876167,879821,884798,888488,899095,909167,917083,921774,925631,934119,947262,964202,976190,982988,988357,999452,933382,944718,954443,964523,968156,969359
,,,중원구,333186,334871,336986,339243,340357,341257,342271,343886,347943,350286,350743,351900,401426,400824,399662,399250,399103,398985,399162,399559,400559,402750,404471,406279,418147,419985,423015,425574,426574,428824,434588,441515,447926,451191,455500,460368,464868,472500,480904,487007,493125,501853,730653,742597,750710,755065,760024,762242
,,,분당구,695699,721637,735781,744377,748267,749651,750192,752342,768699,772342,772240,769349,854676,848622,842554,837473,833392,831818,834709,837068,841128,848804,857108,866831,921324,921196,920216,917872,916459,915953,926750,938453,946007,951331,964284,981250,1000182,1014649,1019088,1022264,1026304,1030865,1316521,1331518,1342967,1351116,1358259,1361571
,,군포시,,329333,329289,329246,329105,328789,328702,328579,327789,329746,331439,332474,332333,348573,348218,345818,342564,339436,336573,334964,335073,337364,339500,340091,343545,347884,351670,372098,386643,391866,394009,396438,398045,398652,399116,399652,400911,404214,415161,424027,433857,447214,470143,531673,548843,563190,574855,582855,586101
,,의왕시,,384788,385663,386538,387413,388163,389225,389975,390938,394063,397538,398538,398788,430141,429231,425513,421872,416795,414295,413577,413321,415449,417551,421167,432462,461138,466150,473900,481513,486500,490375,495438,499913,506688,511213,514225,519100,528213,557315,579038,598775,616700,637225,758107,780065,796423,810506,818595,818107
,경부2권,,,325679,326592,328033,330089,331206,332394,333376,334395,337926,341728,344240,345434,361758,361380,360820,358968,357667,356968,357000,357850,358712,359699,361735,366387,388389,403666,419481,423864,425788,430873,436308,440747,447001,450365,454206,459091,465915,475420,481776,487977,491615,501142,595232,607137,616347,624884,629984,632024
,,안성시,,145573,144584,143304,142013,140135,138712,137578,137077,136845,136384,135280,134049,148100,147830,147610,146805,146150,145410,144750,143490,142885,142520,142340,142275,150091,149759,149792,149821,149726,149915,150906,151000,151226,151533,152071,153005,154939,156967,158863,162019,163491,168849,191982,197525,202433,207424,210795,212867
,,용인시,,363103,364006,365943,369543,371361,373240,374710,376672,382987,389193,393076,394218,406562,405939,405151,401923,400214,399335,399124,400159,401033,401830,403960,408482,419406,431323,444189,449132,451502,457285,463198,469893,481089,485807,492038,498965,507637,519277,525950,531986,534853,543009,671822,684734,694315,702660,708007,710811
,,,처인구,180736,180194,179764,179236,178833,178597,177986,177181,177153,176917,176333,175750,184213,183925,183713,182988,182838,182688,183288,183913,184338,184888,185288,185713,198051,198398,199510,200102,200653,202051,202847,204235,206133,207816,209561,212235,214102,217776,220051,223398,226357,233051,326114,331944,335857,340635,343897,345599
,,,기흥구,334956,335257,335846,337787,339684,343515,346324,348941,356015,362684,366890,367662,371310,370500,370049,366620,365275,365268,364796,364937,365606,366401,367894,370514,390082,398466,410507,414630,416514,422842,429130,433849,446096,448459,455356,462630,471301,482925,491384,497185,501075,512253,640642,655543,664739,672415,677481,678748
,,,수지구,441279,443184,447125,453522,455868,456360,457051,459110,466397,473897,478676,480662,507371,506843,505543,501793,499257,497271,497093,499164,500379,501250,504536,512200,533655,553627,571796,579239,582803,589676,597134,607894,621514,629831,637063,645239,656486,671155,677634,684930,686697,692261,883444,898000,910921,921805,928524,933475
,,수원시,,317073,318288,319668,320741,321637,322557,323391,323728,325138,327262,329000,330619,347353,347195,346809,346141,345145,344626,344983,345939,346987,348336,350581,355992,391685,412633,433729,438176,439945,445036,450633,453423,455554,457992,459897,463290,468955,477390,484074,490885,495618,507138,597933,610067,619722,629086,634274,635597
,,,장안구,296873,296118,296137,296206,296098,296020,296039,296020,296157,296608,298441,299931,309029,309019,308942,308596,307837,306885,306606,306913,306952,307250,307462,307404,328885,338394,356135,361615,362500,366644,369981,370923,371760,373058,374337,375462,376808,380019,383654,385990,388856,396452,521292,532208,541745,548165,552505,554222
,,,권선구,270000,270045,269582,269427,269264,268673,269045,269055,269973,271755,272364,273164,284974,285155,284724,283983,283509,283147,282845,282914,283224,283353,283707,285595,318653,339907,363305,367229,367805,370805,374390,376483,378025,378958,379712,382314,386492,391542,397424,405763,409746,423110,479586,490133,498888,506361,511040,512791
,,,팔달구,296316,298184,299684,300724,300803,300987,302263,303500,305145,308421,312329,316197,330486,330351,330851,330378,329514,329068,328446,329311,330500,331311,332797,337919,360986,380649,400824,406351,413189,418838,424743,426919,427919,428351,429351,431014,434986,443243,448486,456838,463419,475946,526752,539863,549043,559604,564058,565506
,,,영통구,374143,377333,380992,383690,386357,389365,390937,391444,393992,397079,398857,400397,428129,427593,426736,425850,424236,423850,425486,427607,429857,433057,438407,450314,499845,528211,549901,553754,555338,562507,571035,575754,579549,584577,588099,594134,604282,618775,628507,636415,642310,654507,783300,797160,807867,820323,826877,827507
,서해안권,,,270408,270643,270724,270849,270483,270335,269902,270186,271972,274135,274845,274550,290479,289773,288741,287079,285679,284978,285207,285525,286392,287512,289417,292089,311517,315183,323696,329693,332472,336545,340904,344304,346603,347579,349749,352441,355604,362682,370593,379777,387367,400681,491152,503810,514979,524013,528582,529790
,,부천시,,290346,291019,291395,291809,291654,292130,292728,293037,294377,299981,304469,304519,314024,313774,313750,313786,313155,313161,313726,314464,316113,318679,322327,324720,343335,345676,351371,355994,358671,362547,366676,370076,372088,374047,376318,380800,385494,394224,402965,412024,419288,431188,513393,526191,537419,546970,554570,557625
,,,(구)원미구,-,-,-,-,-,-,-,-,-,-,-,-,-,-,-,-,-,-,-,-,-,-,-,-,-,-,-,-,-,-,-,-,-,-,-,-,-,-,-,-,-,-,-,-,-,-,-,-
,,,(구)소사구,-,-,-,-,-,-,-,-,-,-,-,-,-,-,-,-,-,-,-,-,-,-,-,-,-,-,-,-,-,-,-,-,-,-,-,-,-,-,-,-,-,-,-,-,-,-,-,-
,,,(구)오정구,-,-,-,-,-,-,-,-,-,-,-,-,-,-,-,-,-,-,-,-,-,-,-,-,-,-,-,-,-,-,-,-,-,-,-,-,-,-,-,-,-,-,-,-,-,-,-,-
,,안산시,,276902,276348,275739,274908,272977,270923,267560,262183,260574,259663,258616,257314,254523,253587,253276,252651,252359,251429,251175,251043,251340,252352,253671,257363,269946,271960,278477,287180,292709,300144,304197,305620,305309,305350,305924,306647,308363,319988,332125,349939,362563,380573,460262,470105,478521,487299,493050,495068
,,,상록구,260756,260300,259689,259211,257344,255867,252322,246267,244189,243344,242456,241156,242683,241728,241170,240170,240011,238307,238023,237864,238489,239761,240648,244909,254477,256727,263534,270580,274830,280693,284489,285545,285420,285466,285545,285932,287216,301614,314739,329943,340045,354818,415410,423506,432136,441904,448328,450576
,,,단원구,289137,288510,287902,286804,284824,282333,279108,274245,272990,272029,270863,269559,264150,263230,263120,262800,262400,262100,261870,261760,261790,262590,264260,267490,281796,283630,289926,299898,306407,315046,319296,321000,320546,320583,321537,322519,324565,334065,345444,365259,379815,400306,497710,509012,517248,525200,530389,532215
,,시흥시,,219167,218977,218773,218553,218182,217864,217447,216902,216826,217136,217386,217159,237831,237577,237000,235345,234542,233817,232972,232479,232662,232282,232585,232873,252934,256125,264336,273184,275283,277678,280605,281941,282125,282375,282789,285112,287770,294171,303882,318204,331362,351737,429004,440553,450293,457346,460858,461240
,,광명시,,391900,393482,394900,396264,397891,400145,402473,412800,428691,435736,437391,436609,498125,494446,488688,481741,475411,476527,483964,488839,494170,499902,506098,519000,562816,569877,580044,585289,587667,589947,598246,609632,618509,611851,617368,622605,629096,639272,649596,657833,664921,674579,796826,811107,822037,830620,834723,835058
,,화성시,,295849,296966,297700,298986,299347,300584,301532,303084,305494,308591,308429,308994,328841,328460,327381,325494,324545,323028,322670,322619,322966,323273,325449,328261,353651,361382,376292,383264,386066,391241,396245,400401,404604,408788,412358,414962,417113,422840,429325,435160,439934,450962,591092,608404,625427,636403,638763,637683
,,오산시,,203022,201844,200800,199233,197956,196933,195856,195467,195367,195356,194678,193967,206259,205759,205034,204491,203095,202828,202198,201983,201815,201642,201418,200754,205779,206328,214180,219320,222197,225770,228205,230311,231984,233434,236672,239730,242492,247000,251254,256213,260492,272893,376077,388739,400261,410888,416470,419027
,,평택시,,199724,199104,198478,197888,196918,194933,192597,191313,189567,188142,186754,186306,192442,192164,191543,189735,188133,186509,184435,183262,182614,182133,181546,180880,193599,193582,196679,198551,200011,202699,206500,208267,208574,208903,209369,210290,213051,216352,220295,225023,229483,239824,289958,299249,306813,314332,318096,320143
,동부1권,,,319838,320690,322622,323757,324453,324730,325119,325846,329184,330950,333662,334269,367320,366580,365607,363968,363112,362412,363170,364402,365979,367800,370479,373971,399022,402234,408973,414439,416960,422455,431730,440449,446967,450075,455522,461731,470042,483098,491305,496201,500267,507036,644488,654925,662341,669580,674177,675591
,,남양주시,,277593,277278,277642,277883,277667,277630,277593,277420,277673,278253,281352,281722,305442,305453,305274,305049,304729,304768,304549,305083,306099,306522,307163,308494,321247,324274,328538,333349,335597,339038,345522,353065,358398,361081,367247,374140,383527,397892,405898,410602,414581,422586,529074,540577,549431,558003,562947,564708
,,구리시,,375430,376209,376942,378558,381012,382593,383744,387547,397093,402733,408384,411570,424840,425394,425755,426245,425926,426660,427787,428989,431383,433755,438915,441521,461719,468479,487781,504438,512604,520500,529281,540885,549813,552844,555135,557625,563208,574438,583802,590938,597927,606281,684580,695096,703707,713133,718218,719473
,,하남시,,462889,468444,478111,483278,486833,487622,489367,491444,502256,506056,507100,506644,566398,561907,557000,548343,544926,540574,544815,549861,553565,560139,568509,581074,651784,654845,663241,664871,663819,670922,690698,706103,717353,723112,732095,740784,751940,769233,779233,783440,785802,788371,986646,996235,1001429,1005535,1009111,1009350
,,광주시,,256500,256440,256702,256083,255083,254583,254214,253536,253369,253179,253226,253214,278155,278036,277718,277518,277373,277064,276564,275555,275600,275891,276091,276909,286983,287483,287975,289208,291400,299375,305600,307217,309517,310883,312758,317358,321342,326700,332242,336400,339933,346150,472066,481015,486619,492381,496909,499041
,동부2권,,,179526,179549,179989,180032,180189,180131,180164,180252,180152,179873,179447,178939,181295,180701,179893,178779,177878,176863,176585,176110,175707,175595,175292,174904,187204,186961,186861,186517,186409,186358,186620,186935,187360,187532,187766,188099,188455,189906,191335,192721,194676,197400,214218,217247,220579,224320,228872,232133
,,이천시,,183905,183881,184119,184048,183810,183798,183821,183833,183536,183000,182690,181988,184866,183963,182817,181543,180598,179305,179037,178409,178006,178012,177780,177482,196751,196696,196810,196530,196625,196643,197077,197512,198214,198589,199077,199589,199994,202042,204089,206161,209048,212631,234101,237883,242275,246883,253114,257925
,,여주시,,146942,146750,146865,146865,146865,146673,146519,146212,145981,145635,144962,144135,140788,140519,139885,138615,137385,136538,136106,135644,134923,134356,133740,132952,133273,132692,132260,131837,131538,131538,131625,131798,131625,131260,130981,130913,131202,131767,132125,132375,132740,134433,159618,161700,163547,166253,168445,169356
,경의권,,,310356,310255,310085,309840,309835,309674,309053,308141,308288,309804,311226,310869,317314,316977,316514,315521,314670,313779,312601,311517,310920,310518,310536,311414,332714,333356,334468,335999,337195,339307,347356,351028,353318,355472,365776,380518,392156,403586,409003,412075,414360,418947,525428,533394,541866,549600,553578,554811
,,김포시,,305542,306667,307258,306925,307058,307417,307292,306442,306275,307367,309900,310375,319535,319155,318887,318282,317676,317000,316394,315873,315423,314979,315183,315528,339200,339438,339944,340300,340188,340744,352906,355925,357219,358644,380519,397866,400341,404134,405922,406984,407397,408153,508922,514361,521571,531738,535084,536428
,,고양시,,333018,332465,331944,331628,331376,330937,330091,329241,330016,332506,334203,334095,342693,342472,341870,340575,339471,338354,336855,335418,334718,334326,334308,335721,354826,355842,357674,360326,362545,366084,372958,377327,380387,383593,390899,403747,419744,436218,444334,448921,452111,458478,580302,589567,599725,607689,612403,613800
,,,덕양구,313735,313250,312538,312598,312758,312780,312515,312288,314742,320265,323462,324197,340082,339948,339545,338104,337246,336291,335097,334328,333828,333381,333522,334634,360868,362029,364603,369088,373059,377684,385507,390507,395507,399772,409985,424375,443838,463279,472735,478537,481544,487441,570903,580929,593912,603099,607712,609312
,,,일산동구,378157,377373,376971,376275,375706,374990,374206,373363,373578,373794,374931,373902,384360,384070,383500,382670,381540,380170,378510,377040,376210,376410,376620,378610,402569,403775,406451,409451,411667,415706,422480,426941,429451,432284,438098,449529,461882,477912,486657,491990,497069,506343,655754,666024,675562,684321,689511,691289
,,,일산서구,324667,324190,323802,323317,322817,322048,320516,318968,318246,318865,319262,318825,319911,319637,318790,317371,316008,314863,313121,310952,310105,309411,309073,310468,318040,318770,319230,319579,319810,321802,327659,331254,332452,334690,339627,351611,365952,379333,385532,388270,390484,395563,534321,542000,549511,555539,560007,560896
,,파주시,,244907,244924,245051,245119,245737,245898,245458,244288,242805,241737,241144,239136,241129,240508,240210,239629,239210,238718,237778,237036,236560,236181,236077,236052,263913,264049,263966,263928,263996,264186,270201,272799,274254,274458,278193,294792,306197,313576,316242,317735,319932,324538,387824,395079,400230,404394,407018,407651
,경원권,,,197835,197866,197866,197866,197794,197776,197673,197568,197484,197385,197224,197148,205341,205283,205105,203536,203245,202833,202425,202161,202102,202047,202015,202170,212726,212887,213188,213391,213766,215368,216920,218787,221029,222556,224720,227515,233266,242771,248394,251440,254115,261150,306442,312702,317458,321764,324020,324493
,,포천시,,137779,137567,137308,136998,136056,135773,135487,135275,134958,134669,133735,133625,142648,142500,142111,142019,141759,141574,140852,140722,140278,140259,140259,140315,137357,137179,137179,136795,136571,136661,136866,136955,137188,137491,137750,138018,138339,139411,140420,141723,143464,147071,168966,172652,176090,178844,180909,181935
,,동두천시,,140375,140516,140422,140438,140313,140250,139828,139719,139750,139273,139156,139086,139758,139592,139565,139357,139173,139140,138750,138250,137833,137500,137133,136950,142435,142056,142169,142024,141694,141331,141153,141403,141532,141516,141435,141476,143419,147089,149935,152419,154855,159556,213228,218670,222529,224534,225195,224710
,,양주시,,174867,174944,174978,175078,174967,174789,174600,174133,173867,173754,173228,172994,182210,182210,181895,180530,179760,178730,177670,177120,177010,176440,176190,175900,193942,194269,194721,194798,195346,198644,199202,200202,201096,201962,203519,205625,214385,224827,228500,230058,231462,237096,293650,299596,305813,311283,313836,314107
,,의정부시,,230750,230773,230818,230818,230909,231015,231053,231129,231136,231159,231273,231273,238804,238754,238645,236486,236399,236174,236123,236022,236116,236355,236486,236935,246397,246630,246938,247356,247870,249243,251805,254664,258260,260582,263750,267777,273599,285017,292805,296942,300421,309092,381853,389278,393765,398498,401129,401882
인천,,,,259720,259991,260130,260092,259964,259834,259501,258676,258424,258735,259280,259838,271507,271187,271290,271245,271141,271150,271014,270529,271206,271693,272516,274008,292262,294635,305255,311097,314314,318708,321070,322046,322873,323781,325645,328504,333219,340301,348126,356590,364657,376446,407147,416222,424484,432650,437860,439965
,중구,,,239829,239786,239643,238943,238300,237529,236700,235071,234000,233000,231786,230814,226583,225819,224931,223278,221236,220111,219861,220167,220778,221611,222021,223715,255071,255548,258714,262012,263470,265732,267161,267458,268375,269173,270268,271327,273077,276470,281994,287863,293292,300387,341182,344132,347476,352926,357155,359284
,동구,,,170625,170625,170571,170393,170000,169411,168964,168804,168768,168607,168554,168420,166685,166278,165685,165685,165426,164815,164593,164315,165056,165148,165056,164694,164102,163694,163519,163741,164185,164694,164870,164907,164917,165213,166139,166306,166750,167831,169463,171444,173417,178472,209908,212644,214868,216736,218021,218928
,남구,,,217237,217453,217608,217677,217677,217823,-,-,-,-,-,-,-,-,-,-,-,-,-,-,-,-,-,-,-,-,-,-,-,-,-,-,-,-,-,-,-,-,-,-,-,-,-,-,-,-,-,-
,미추홀구,,,-,-,-,-,-,-,217823,217625,217659,218047,218487,219159,227657,227343,227436,227225,226945,226691,226640,226538,226903,226835,226996,228703,233234,235531,240641,244336,245781,246797,247859,249383,250055,251336,252758,254414,256188,261211,266117,270328,276328,289195,298609,303628,308917,315960,320070,323362
,연수구,,,345875,347066,347691,348037,348397,349096,348412,345706,344904,345044,344838,344221,377507,376688,377597,376542,375111,374188,373444,371813,373174,374694,376243,379694,407351,413045,433617,443526,448071,455325,458805,459403,460747,461636,464825,471851,485916,503344,517922,534857,548870,565838,640852,660861,680009,695952,707873,710678
,남동구,,,267918,268096,268185,268021,268103,268303,268227,268011,268059,268764,269589,269582,276120,275968,276399,276291,276209,276070,276073,275655,276158,276756,277070,278709,298569,299050,306484,315359,321072,326413,328638,328638,328225,328363,329934,333644,338419,345175,353684,359788,367631,378525,399532,405803,410673,417955,422073,422738
,부평구,,,256547,256791,256878,256831,256338,255311,254838,254182,254149,254818,255872,257047,253780,253627,253147,254180,255413,256580,256700,256213,256473,256587,257847,258787,259789,261151,268000,273007,276158,280836,283895,286487,288697,290454,292586,294678,297638,301836,308487,314842,322493,334480,391864,399832,407526,414836,420050,422482
,계양구,,,208582,208631,208615,208451,208254,208000,207877,207148,206426,206254,206885,207934,222408,222267,223317,225017,225808,226742,226617,225942,226942,227642,227708,228250,229883,230275,231242,232775,234742,236367,237133,237542,238158,238758,239667,241317,244192,248033,250800,255467,260833,269542,293695,300350,306695,312886,316780,319419
,서구,,,262405,262291,262304,262257,262000,261764,261399,261034,261027,261392,262297,263845,275344,275130,274481,273682,273422,273195,273188,273331,273981,273990,275383,276266,314358,318549,339043,344469,346846,352309,355457,356562,357198,358167,360071,361429,363645,369438,377941,389410,397216,408469,439735,450899,459699,467044,470075,471712
부산,,,,294662,294103,293482,292654,291929,290841,289957,288613,287686,286998,286000,284824,286979,286234,285387,284237,283320,282316,281421,280739,280051,279576,280010,282744,293320,293719,293869,293628,293705,294232,297860,301641,305813,309186,317342,328150,334903,340103,343111,345651,349643,357195,416912,422405,427075,432025,435433,436390
,중부산권,,,294860,294440,293864,292872,292154,291005,290117,289179,288388,287637,286917,285883,294641,294105,293527,292820,292350,291685,290789,289957,289243,288860,289190,291299,305323,305960,306133,305887,305755,306464,309909,312853,316515,319783,328664,340127,347297,353394,356019,357915,360502,365537,421359,425923,429334,433170,436290,436972
,,중구,,154817,154450,154283,153983,153530,152957,152490,151957,151623,151263,150930,150363,150708,150250,149750,149292,149188,149083,149042,148938,148479,148354,148396,148354,148438,148563,148708,148208,148125,147583,147333,146708,146042,145708,145500,145708,145292,145042,143750,144000,143542,144688,177539,179355,179763,179408,179708,178700
,,서구,,262182,262182,262136,261568,261170,260295,259682,259068,258795,258205,257295,256682,269727,269136,268318,267443,266330,265125,263705,262568,262114,261705,261500,260750,273204,273017,272767,272260,271552,271427,271740,272510,273688,276104,279385,285240,288302,291635,292560,295510,298344,301656,325407,327278,328895,330204,332327,333043
,,동구,,195111,195056,194611,194167,193750,193361,192250,191600,190833,190144,188753,187667,212759,212085,211450,211779,211676,211324,210559,210059,209353,208985,208691,208515,206903,206736,206486,206264,206097,205819,205847,206764,208222,209250,210944,215000,217222,218722,219681,220708,221931,225986,271710,277161,278226,279460,282235,283060
,,영도구,,184209,183584,183030,182655,182227,181191,180780,180459,180155,179905,179030,178620,198336,197974,197629,197060,196629,196284,195905,195569,195259,194379,193983,193379,196767,196692,196583,196408,196308,196067,196117,196050,196033,196017,196000,196592,197275,197533,197858,198275,198717,200742,208918,210856,212303,214106,215490,216544
,,부산진구,,259573,259245,258645,257673,257400,256955,256291,255527,254900,254364,253891,253109,255795,255393,254768,253821,252920,252018,251018,249746,249004,248326,248080,247857,255561,255947,255965,255702,255298,254956,258553,260184,261535,261754,267342,278404,285579,289395,291561,293754,295772,299675,328625,330527,332725,335752,338850,339537
,,남구,,302789,302289,301578,300467,299367,298089,296567,295100,293922,292822,292000,290567,308773,308136,307909,307330,307114,306818,305761,305330,304989,305045,305966,308841,352167,352740,352740,352490,352771,354104,358583,362781,368583,374750,386479,404156,416125,429406,433771,435406,437083,441427,520553,523425,525046,526772,527516,527702
,,연제구,,350113,349725,349125,347525,346288,345188,344138,343063,342075,341350,340550,339700,343244,342756,342305,341988,341402,340646,340280,339195,338134,337037,337171,339037,351964,353250,353702,353560,353464,353679,355917,359286,363571,368798,382524,393333,402643,411964,416345,418988,422405,431333,487551,496491,504787,512128,515977,516460
,,수영구,,424193,423500,422920,422057,421125,417989,417398,416432,415551,414369,413619,411790,414432,413608,412365,411216,411622,410905,409568,409108,407919,408757,410662,421230,416855,418474,419447,419211,419197,423461,431289,438605,448000,454697,471671,487053,491316,493276,494882,496487,503053,510421,706738,717078,723585,732876,741401,743152
,동부산권,,,347515,346585,345610,344523,343633,342182,341426,339835,338690,337883,336325,334621,329773,328667,327700,326234,324855,323697,322818,322203,321375,320592,321782,327770,336401,336823,337095,336889,337440,338173,344769,352457,360371,366313,379199,391498,398901,404610,408720,412241,418894,431187,522636,531499,539351,547506,552213,553965
,,해운대구,,392710,391121,389919,388323,387258,385081,384210,383073,381685,380847,378387,376242,370095,368659,368040,367087,365516,364040,362984,362087,361190,360595,362786,372270,388523,389000,389188,389000,390375,391352,402664,416750,430352,441008,462680,476023,483148,489547,494570,499422,509109,526641,687952,702651,715360,726117,733004,735751
,,금정구,,310238,309850,308600,307950,307188,306175,305325,303050,301700,301250,301125,299825,300075,299000,297875,296550,295038,294088,293800,293213,292400,292600,292888,295488,296927,297902,298317,298159,298256,298305,299037,299585,301293,302561,306171,320305,327573,332659,335902,338024,341000,349512,433284,438266,441482,445985,450075,451067
,,동래구,,363409,363068,362614,362170,361375,360443,359807,357409,356420,355205,353625,351784,345967,344935,343196,339978,338489,337467,336234,335984,335125,333505,334984,341484,344484,345130,345964,345818,345922,347630,354536,361693,369568,374318,386245,396474,400807,406047,410068,413161,416651,425036,499640,506645,511593,519228,522098,523323
,,기장군,,218324,217868,217147,216074,215441,214956,214515,213721,213412,212926,212471,211941,220372,220103,219513,219103,218641,217962,217436,217051,216462,215218,214077,213000,223220,222439,221890,221476,220927,220293,220207,219293,218707,218829,219598,229805,243000,248244,250951,253073,260585,268671,319469,323493,330879,338707,342231,343570
,서부산권,,,237895,237564,237271,236915,236356,235730,234716,233149,232293,231807,231078,230297,231504,230895,229852,228511,227552,226305,225392,224821,224314,224060,223804,223779,231459,231541,231528,231256,231072,231150,231756,232298,233005,233696,235789,244163,249691,253234,255508,257768,260576,266039,298589,301794,304834,307926,310355,310849
,,북구,,262000,261792,261396,260877,260330,259735,258358,257093,256225,255990,255244,254216,251231,250577,249279,247635,246567,245231,244317,243861,243370,242909,242466,242332,256598,256802,256915,256726,256566,256755,257500,258047,258726,259406,261292,269830,276099,280458,282212,283962,285858,290632,326373,330763,334119,337324,340647,341024
,,강서구,,362929,362018,361643,361036,360054,359232,357536,354125,353464,353018,351607,350304,340047,338906,337484,335531,334078,332359,331047,330063,329297,330281,330047,331016,349581,350203,350500,350257,350095,350230,351581,353635,355149,356770,360716,375770,381770,386649,392932,401095,408689,416081,486450,490350,494529,498721,500838,500910
,,사상구,,200605,200233,200209,199988,199355,199006,198128,196372,195279,194616,193837,193314,200873,200301,199099,197670,196494,195554,194792,194435,194327,194327,194345,194429,193994,194041,193878,193564,193297,193523,194337,194767,195256,195570,196930,202169,206651,208767,210116,210791,212570,218326,222911,224778,227494,230278,231644,232520
,,사하구,,203798,203529,203183,202971,202567,201779,201231,199990,199250,198615,198125,197567,200611,200176,199602,198796,198231,197009,196111,195407,194694,194120,193861,193583,191566,191369,191228,190891,190732,190582,190664,190764,191373,192009,194164,202191,207518,210745,212791,214609,217382,222682,233004,235691,238083,240737,243239,243775
대구,,,,276089,277122,278348,280192,281747,282575,283339,284127,285505,287900,290186,291985,301010,301172,301207,300930,300711,300462,300077,299664,299625,299953,300520,301426,311440,312203,312176,311639,311506,312112,313048,315333,318697,322476,328429,336686,342328,349161,354696,358298,361766,365349,406456,407443,407829,407759,407259,406446
,중구,,,306167,307222,310167,315185,317519,318963,321852,323148,325630,329019,333963,337444,362431,363741,364500,365793,366466,366603,366483,366638,366931,367534,369121,371138,405783,407633,408917,408050,407867,408633,409867,412067,413383,418033,425200,436000,443200,454267,463117,469400,475833,480950,517571,517923,517912,517110,516253,514692
,동구,,,240802,240845,240922,241207,241121,241405,241345,241552,242155,243181,243250,243310,252683,252400,252017,251642,251233,251217,251717,252217,252242,252600,252892,253275,268653,269000,268984,268605,268306,268548,268968,269621,270484,271113,272065,273786,279040,285323,290266,292371,294819,297556,311663,312254,312289,311986,311433,310468
,서구,,,223484,223806,224919,225306,225484,225242,225403,225597,225968,226839,227452,228532,233872,235055,235555,236388,236888,237533,238150,239033,239133,239283,239650,240600,241967,243583,244467,244117,244100,244783,245467,246500,249850,252367,257033,261917,267350,271917,275067,277067,279317,280733,339570,339950,340070,340030,339370,338623
,남구,,,235870,236963,238074,238574,239519,239741,240296,240704,240778,241296,241611,242204,260964,261571,261893,262661,263196,263821,264339,265464,265929,266839,268089,272071,281552,283293,282759,282707,282759,282931,283586,284414,285500,287052,289810,294793,296483,299534,302914,306138,308172,310897,364157,364899,365056,365360,365303,364979
,북구,,,221431,221021,220590,221181,221806,221847,222333,222806,223667,225014,225965,226139,235331,235266,235201,234987,234773,234286,233961,233636,233578,233558,233591,233890,246891,246846,246692,246064,245968,246032,246109,246494,246603,246949,247596,251212,252962,257359,260705,264000,266199,268404,297400,297891,298043,297845,297377,296717
,수성구,,,420852,425239,430246,436810,443282,446634,449345,451592,456303,464415,472444,479380,503616,504295,504589,503870,503411,503068,502356,500863,500740,501384,502219,504199,511412,512514,512331,511419,511520,513101,515851,524139,535841,548632,568595,587878,601135,615932,627311,633635,641182,648196,699416,702350,703684,704069,703453,702756
,달서구,,,261976,262441,262947,263629,263841,264200,264612,265135,265453,266200,267265,268124,276785,276837,276738,276145,275860,275453,275073,274968,275061,275724,276683,277578,280770,282138,282356,282276,282316,282966,283948,285580,288454,291678,296822,307293,312494,317851,322126,324868,327339,330328,391099,391557,391831,391559,390970,389937
,달성군,,,211008,211444,211685,212123,212269,212160,211467,211725,212038,212561,213024,213059,213297,213077,213229,213385,213289,213127,211684,210350,209899,209415,209560,209419,226594,226594,226047,225023,224234,224555,224633,224664,225258,226008,226977,229242,231563,234492,238367,241617,244098,247262,292652,293586,293921,294115,293954,293362
광주,,,,199020,199622,200240,200836,201405,201933,202783,203841,206391,208422,209286,210101,233935,234084,234174,234028,233594,233014,232514,232172,231987,231955,232058,232098,234795,234962,235014,234976,234781,234692,234753,234590,234530,234806,235687,240369,242475,243773,244850,246327,247921,251318,285104,287962,290980,294472,297160,298966
,동구,,,192679,192589,192321,192071,193000,193446,193857,194786,194964,195696,196411,197500,238426,238412,238426,238265,237993,237272,236654,236140,235860,235787,236022,236228,246615,246858,246953,246966,246993,246818,246932,247095,247473,247905,249115,255331,257723,258696,259257,260122,261730,265304,355357,356938,359996,363460,365277,366210
,서구,,,213917,214364,215008,216000,216553,217258,217970,219159,220591,222576,223780,226068,247299,247679,247791,247896,247687,247597,247336,247358,247321,247493,247537,247634,251500,251699,251801,251890,251875,251956,252191,252353,252375,252537,252971,255735,257375,258235,258765,259632,260368,262809,301627,303934,306554,310020,312357,314063
,남구,,,239202,239875,240817,241548,242683,244279,246163,248269,253750,257510,258490,258712,324575,324202,324255,324300,324036,322882,322082,320936,320305,319741,319723,319277,320864,320891,320909,320704,319835,319246,319022,316960,315638,316478,319277,328232,332313,334039,335075,337530,339941,343884,344291,348085,350355,354114,356919,359305
,북구,,,170501,170841,171154,170977,170927,170700,170653,170467,170450,170927,171260,171393,184345,184570,184729,184686,184241,183941,183634,183369,183263,183234,183347,183469,186939,187271,187402,187479,187424,187534,187649,187966,188216,188491,188802,190771,192131,193393,194582,196085,198018,201762,222923,225740,228954,232052,234907,236693
,광산구,,,198028,199111,200007,201174,202083,202750,204229,206014,211153,214229,215347,215931,230493,230662,230689,230128,229405,228432,227696,227412,227264,227338,227520,227642,228283,228300,228233,228040,227847,227670,227663,227613,227707,227763,228603,235410,237670,239203,240717,242270,243770,247250,274380,277595,281220,284995,288032,289871
대전,,,,216018,216719,217117,217367,217422,217556,217711,218187,218646,221082,223846,226001,241945,242256,242391,242538,243448,244651,245739,248456,251975,256712,261965,266658,283351,288119,294267,297965,299216,308667,312194,315099,320793,324401,329320,337173,342544,348897,354166,358719,362822,367603,386620,391392,394981,398615,400698,400749
,동구,,,174398,174477,174500,174705,174682,174591,174523,174500,174420,174386,174239,174261,181826,181500,181023,180721,180663,180698,180849,181442,184070,187517,190360,191587,232728,235870,240609,248022,250473,259940,261946,263870,266304,267598,269598,273337,276402,279793,282739,285424,288348,291207,275071,278794,281650,284512,286310,287193
,중구,,,184245,184480,184761,185000,185071,185214,185663,185990,186122,186582,187214,187520,189125,189354,189323,189552,191000,192958,194323,196313,200667,206385,210443,215130,222082,225541,229612,231546,232321,237949,240071,241490,242837,244429,246571,249694,253418,257306,261316,264571,266857,270255,354246,358725,362579,367230,369508,370358
,서구,,,222713,223540,223772,224094,224557,224814,225013,225478,225725,229482,234543,238796,258594,259231,259433,259447,259710,260203,261398,265131,269172,274394,280367,285476,291976,297695,305325,308949,310733,320699,325267,327452,332363,335911,339644,346353,351949,358791,364531,369092,372637,378182,424325,430515,434677,437761,439470,438581
,유성구,,,271327,272726,273669,273984,273613,273786,273988,275238,276899,281327,285222,287810,307735,308129,308621,309280,311689,314614,316409,320432,324583,330606,338773,346174,379396,386134,394104,397791,398022,411216,415709,421172,433444,440310,451160,467810,476101,486190,493698,500735,508340,514862,518852,523993,527719,532448,535513,535474
,대덕구,,,165414,165546,165844,165796,165606,165523,165286,164869,164411,163971,163485,163250,178406,178319,178329,178103,177933,177672,177464,177365,177641,178005,178651,179688,180651,181625,183458,185464,186604,191115,192885,195427,198396,200260,202635,205365,208344,211500,214641,217484,219240,221802,235066,237638,240224,242694,243918,244245
울산,,,,243398,242557,241905,240742,238710,236946,234876,232433,230873,228787,226564,224176,228610,227430,226303,224992,224167,223433,223024,222781,222605,223171,224383,226046,232432,234163,235633,236337,236837,238281,240574,243182,247128,250905,255889,267834,274755,278281,280242,281657,282904,285721,317412,320184,322340,324240,325425,325626
,중구,,,282238,281313,280650,279025,276413,275000,272550,270200,268463,266500,263763,260925,271716,270635,269068,267155,265851,264568,263770,263446,263311,264027,265514,267595,270145,271605,273026,273316,273671,274724,277461,281645,286678,290974,296914,308342,316803,323618,327125,330421,333507,337967,357674,359130,360478,361724,363098,363310
,남구,,,291009,290769,289926,289278,287593,286120,284278,281806,280648,278417,276037,273685,265846,264779,264096,263087,262712,262279,262481,262567,262644,263337,265163,267635,271802,274160,276340,276972,277509,280236,284396,289047,297038,305000,314604,334047,341142,343925,345547,346943,347858,351745,426366,430142,433370,435543,436671,437164
,동구,,,205063,204271,204010,202865,200698,198354,196021,193302,191188,189031,186938,184688,205591,204386,203409,202259,201955,201936,201068,200359,199209,198900,199291,200223,202241,203118,203800,204300,204482,204923,206136,204909,203582,204141,205445,213373,219855,221542,221786,222142,222405,224091,217322,219661,221805,223829,225284,225352
,북구,,,201767,199744,198756,197221,194698,192673,190574,187972,186198,184087,181833,179178,193408,191856,190518,188991,187817,186736,185764,185029,184846,185577,186774,188413,200330,201996,203415,204268,205138,206415,207728,209625,212103,213848,216371,224335,231022,235223,236884,238067,239902,241496,292293,295200,297600,299588,300458,300243
,울주군,,,201000,200462,200201,198980,197572,195737,193889,191826,190439,188578,187059,185224,183618,182594,181244,180106,178938,178019,177956,178175,178338,179075,179675,180194,194612,196290,197304,198482,198869,199524,200327,201952,204060,205345,207583,215399,221268,223708,226518,227369,227595,229476,244909,247698,248874,250788,252022,252401
세종,,,,286645,287068,288000,288998,289896,290533,291527,291794,291271,291107,291771,292105,338627,338226,336720,334075,333160,331009,329262,328364,328136,328057,328163,331777,373034,382547,405333,414208,415734,426547,455479,501789,523888,529898,534018,538273,541534,544419,546018,547445,547383,545648,727277,724424,722917,720944,714120,695994
강원,,,,145790,145655,145623,145207,144606,143786,143025,142187,141530,140684,139777,138720,147338,146861,146174,145569,144617,143758,142902,141925,140903,140380,140102,139583,141939,141897,142162,142106,141913,142279,143119,143807,144491,145128,145948,146930,148193,149812,151171,152347,153529,155205,175858,177756,179548,181520,183439,184559
,춘천시,,,192703,191932,191473,190635,189770,189054,187608,185622,184365,183135,181905,180500,183776,182987,182263,181592,180895,180092,179224,177553,176118,175013,173842,172776,171776,171171,171316,171500,171711,172447,174230,175368,176401,177447,178520,179921,181191,182322,183809,186033,187987,190086,223885,226593,228952,230502,232752,233791
,원주시,,,153772,153819,153714,153135,151838,149784,148676,147940,147519,146648,145757,144303,149475,149098,147871,147211,145071,143726,142339,141238,139798,139446,139899,139375,141710,142108,142977,142750,142903,143335,144591,145580,146358,146841,147602,148938,151165,154466,156665,157699,158415,159352,197644,199210,201871,203964,205596,206274
,강릉시,,,132234,132702,133492,133726,134121,134315,134169,133935,133290,132806,131935,131048,147303,147144,146894,146606,146136,145697,145152,144712,144182,143886,143689,143492,148257,148235,148228,148324,148669,149118,149338,149853,150963,152110,153581,154463,155713,157009,158522,160059,162265,166324,193471,196412,197901,200605,204425,206570
,동해시,,,101048,100929,100857,100655,100429,100214,99917,99250,98798,97988,96679,95714,108238,107675,107438,106400,106125,104963,104413,104125,103800,102725,102288,101875,107726,107583,107262,107119,106988,106738,106714,106714,106643,106583,106821,107060,107012,107283,107369,107298,107595,108048,109876,110021,110438,110948,111553,111968
,태백시,,,79094,79000,79156,79288,79247,79216,79234,79309,79291,79278,79228,79134,78333,78325,78317,78283,78263,78254,78150,78150,78088,78033,77950,77950,77938,78021,78063,78271,78333,78396,78375,78375,78188,78208,78250,78146,78125,78188,78313,78125,78208,78333,99430,99450,99580,99758,100138,100104
,속초시,,,141548,141167,140619,139833,139405,138857,138357,137738,136619,135048,133905,133476,141341,140205,139341,138045,137545,136591,135409,134000,132682,132182,131432,131023,142196,141946,141913,141652,137261,137326,137283,137326,137478,137891,138370,138935,139413,140174,140674,141435,142391,143935,196291,200801,204248,209903,213076,216193
,삼척시,,,84324,84212,84038,83647,83397,83132,82882,82385,81935,81059,80632,80356,96500,96247,96088,95818,95647,95559,95441,95265,95029,95618,95559,95353,99806,99917,99833,99694,99792,100097,100167,100347,100403,100403,100514,100681,100778,100917,100958,101097,101181,101639,97685,97822,98082,98790,99051,99318
충북,,,,151299,150766,150449,149793,148893,148114,147467,146731,146067,145097,144267,143478,149741,149069,148306,147264,146304,145248,144520,143863,143351,142721,142502,142508,146888,147137,147539,147860,148547,154150,155730,156354,156588,156766,157491,159920,161308,163077,165036,167153,169016,172045,207309,210054,212716,215930,218057,218724
,(구)청주시,,,-,-,-,-,-,-,-,-,-,-,-,-,-,-,-,-,-,-,-,-,-,-,-,-,-,-,-,-,-,-,-,-,-,-,-,-,-,-,-,-,-,-,-,-,-,-,-,-
,,(구)상당구,,-,-,-,-,-,-,-,-,-,-,-,-,-,-,-,-,-,-,-,-,-,-,-,-,-,-,-,-,-,-,-,-,-,-,-,-,-,-,-,-,-,-,-,-,-,-,-,-
,,(구)흥덕구,,-,-,-,-,-,-,-,-,-,-,-,-,-,-,-,-,-,-,-,-,-,-,-,-,-,-,-,-,-,-,-,-,-,-,-,-,-,-,-,-,-,-,-,-,-,-,-,-
,청주시,,,170291,169641,169356,168605,167594,166780,166248,165731,165115,164221,163428,162650,168145,167351,166356,165028,163922,162666,161822,161220,160587,159822,159718,159558,165093,165724,166328,167040,168161,176612,178807,179583,179741,179851,180452,183858,185609,187876,190544,193174,195291,198722,236740,239634,242003,244977,246780,247264
,,상당구,,148073,147411,146871,146176,144992,144040,143460,143065,142274,140952,139839,139226,153268,152464,151571,150304,149393,148714,147714,146795,145420,144348,143688,143491,154992,155225,155467,155867,156367,160100,161567,162733,162650,162650,163283,164550,166267,167235,169377,171000,172408,174400,210071,212435,214485,217117,218491,218707
,,서원구,,180486,179419,179405,178324,176959,176027,175486,174568,173568,172189,171216,170027,166026,164923,163564,162538,161538,160615,159513,158410,157795,156859,156487,156128,156526,156936,157615,158096,158833,163494,164487,164872,164955,164865,164878,165622,166205,166987,168199,169506,171513,174474,192458,195432,198531,201384,203023,203028
,,흥덕구,,183757,183524,183303,183072,182768,182501,182213,181997,181695,181358,180761,180188,188928,188139,186743,184851,183628,182059,181263,180671,179961,179322,179875,179803,183859,185135,186000,187224,189013,201186,203712,204603,204929,205410,206590,214385,217224,220963,224263,228321,231269,235859,294876,299053,301541,304426,306526,307667
,,청원구,,158149,157447,156957,155840,154432,153118,152298,151755,151336,150655,150096,149404,155059,154632,154529,153559,152324,150603,150132,150382,150471,150000,149794,149779,158444,158813,159313,159875,161076,172847,176535,177229,177458,177389,177826,180181,181771,184833,188688,191736,193507,197188,234053,235726,237488,241026,243032,243431
,충주시,,,132489,132103,131804,131145,130061,128685,126978,125127,123935,121553,120101,118729,133899,133306,132653,131633,130561,129362,128949,127403,126597,125796,124883,126041,131877,131311,131462,131075,131302,133425,134877,135708,136547,137255,139132,140575,142014,143264,144146,145189,146736,148675,174438,178011,182548,187770,190951,191937
,제천시,,,115680,115350,115130,114750,114200,114044,113870,113490,113050,112686,112408,112158,123856,123560,123415,123192,122115,121375,120183,119817,119740,119279,118990,118798,119528,119454,119454,119194,118824,118639,118472,118583,118676,118741,119009,119472,120009,120685,121259,122009,123361,126731,147358,149423,151165,155093,158722,160085
,(구)청원군,,,-,-,-,-,-,-,-,-,-,-,-,-,-,-,-,-,-,-,-,-,-,-,-,-,-,-,-,-,-,-,-,-,-,-,-,-,-,-,-,-,-,-,-,-,-,-,-,-
,음성군,,,97071,96929,96310,95952,95369,95179,94750,93490,92824,92729,91721,90807,109654,109339,108931,108413,108431,108174,107787,107493,107696,107696,107974,107559,112161,111196,110857,110250,109732,109375,109339,109429,109643,109821,110554,110911,111339,112946,114375,116929,119143,123054,138468,139968,140758,141677,142899,143461
충남,,,,146626,146224,145862,145382,144866,144424,143900,143314,143055,142595,142290,141876,165971,165567,165007,164515,164140,163870,163696,163616,163495,163702,164139,164667,166483,167143,167491,167768,167973,168627,171998,174913,177257,178649,180549,183526,186077,188582,190820,193544,195663,198156,203828,206191,208315,211089,213074,214283
,천안시,,,162284,161800,161509,160976,160556,160401,159790,159065,158685,158335,158149,157713,196092,195673,195272,194886,194559,194434,194453,194437,194364,195019,196270,197682,200450,201987,202936,203836,204307,205610,212029,217153,221327,223682,227228,232674,235710,238976,241962,245798,248438,251176,254305,257614,260576,264516,266746,267783
,,동남구,,147088,146700,145450,144713,143713,143188,142238,141338,140833,140428,139910,139196,147506,146910,146470,146055,145440,145500,145262,144643,143786,143440,143190,143262,144453,144651,144651,145000,145174,145884,148198,149767,151570,153128,155058,159349,161471,163558,165163,167965,170244,173401,214935,216879,219312,221711,223549,224637
,,서북구,,171156,170615,170885,170471,170389,170451,170038,169415,169108,168790,168798,168523,221740,221414,221033,220663,220488,220266,220421,220722,221063,222246,224290,226409,230121,232367,233820,235012,235641,237258,245852,252859,258289,261066,265469,271527,275047,278938,282656,287039,289871,292387,280685,284907,288224,293197,295690,296692
,공주시,,,109978,109783,109733,109533,108940,108795,108600,108015,106890,105915,105490,104515,113976,113476,113095,112690,112500,112167,111476,111095,111238,111095,111333,111286,118886,118932,119045,118977,118955,119159,121466,126614,129636,131773,132523,135409,141705,144114,145568,146864,147795,149182,172196,173113,173756,174655,175342,176144
,보령시,,,135789,135592,134824,133355,132013,131171,130092,129263,128711,128105,127579,127289,143700,143125,142600,142075,141350,140550,140025,139500,138638,137488,137375,136988,135900,135675,135525,134875,134550,133638,133713,134125,135200,135575,136150,137000,137950,138835,139795,141700,143225,145013,158545,161564,163506,165071,167492,169236
,아산시,,,135233,134533,134128,134067,133433,132656,132133,131671,131921,131667,131562,131422,152390,152226,151373,150692,150056,149582,149582,149496,149220,149418,149582,149711,148763,148941,148797,148559,148686,149021,151030,152572,153873,154903,156148,157949,162093,165547,168441,171627,174788,178924,203943,206973,209594,213010,215131,216413
,서산시,,,147793,147500,146414,145155,144345,142931,142345,141362,140914,139448,138621,137483,148567,147733,146988,146637,146530,146351,145685,145804,145851,145208,144113,143363,148739,148672,148394,148272,148228,147911,147078,147789,148567,148844,149039,149289,149622,149967,150367,151956,152878,154211,163302,164590,166660,168601,172190,174201
,논산시,,,107763,107789,108066,107929,107816,107487,107553,107408,107421,107158,106987,106934,112672,112219,111744,110744,110275,109931,109681,110094,110625,110500,110375,110250,110000,109891,110016,110234,110125,110203,110672,111313,112969,113656,114000,115750,116406,117150,118000,118531,118906,119750,153886,154864,155907,157243,158196,158489
,계룡시,,,148302,148756,148963,149250,149189,149073,148890,148317,148280,148061,147476,147427,145432,144705,144318,143909,143477,143250,143023,142489,142841,143068,143159,143295,143591,144068,145182,145500,146068,148864,156727,161375,163466,164534,165318,166284,167182,171886,175909,178489,180864,184830,221023,223227,223930,225203,225863,226617
,연기군,,,-,-,-,-,-,-,-,-,-,-,-,-,-,-,-,-,-,-,-,-,-,-,-,-,-,-,-,-,-,-,-,-,-,-,-,-,-,-,-,-,-,-,-,-,-,-,-,-
,홍성군,,,135900,135750,135818,134743,134508,134790,134745,134748,134655,134230,133260,132903,142509,142922,142672,142170,142398,142507,142726,142748,142683,142857,143357,143683,144541,144761,145152,145848,146424,147946,148859,149793,151772,153467,155576,158435,161783,165770,169989,175272,179522,184370,208176,210466,212426,215784,217192,218761
,예산군,,,97870,97826,97022,96522,96250,95663,95261,94880,94630,94283,94293,94239,120836,120553,120519,120264,120040,120083,120514,120997,121057,121155,121241,121483,121722,121862,121534,120991,120250,119547,120500,120957,121647,121922,124026,125526,126147,128019,129428,130207,131638,132043,133942,134133,134325,135242,136153,137077
,당진시,,,159029,158729,158200,157794,157129,156550,155949,155770,155297,154781,154164,153821,168827,168121,167506,166824,166427,165799,164900,164407,164086,163929,163279,162907,165851,165417,165021,164667,164660,164667,164868,164951,164090,163701,163264,163007,162403,161799,161382,160646,160021,159604,159582,160965,162508,164699,166505,167932
전북,,,,146281,146195,146072,145938,145563,145165,144834,144638,144658,144622,144595,144485,146688,146460,145991,145311,144823,144337,143819,143277,142574,142207,141796,141631,144495,144712,145098,145441,145706,146170,147300,147922,148707,149288,150466,154218,154814,155192,155695,156384,157111,158805,184077,186005,187989,189704,191152,191895
,전주시,,,176817,176865,176997,176841,176260,175646,175279,174983,175212,175217,175160,174895,174125,173829,173142,172092,171426,170773,169987,169107,167647,166936,166132,165780,169591,170061,170811,171551,172122,173067,175121,176116,177487,178491,180836,188397,189299,189720,190299,191129,192076,194427,228196,231077,234252,236941,239076,240041
,,완산구,,177075,177215,177492,177394,176599,175848,175688,175473,175732,175813,175884,175473,176692,176541,175927,175031,174354,173481,172618,171514,169344,168726,167863,167415,161019,160798,160745,160774,160769,161010,162111,162620,163313,163841,164745,169361,170293,170928,171409,172255,173264,176452,203967,206841,209379,211450,213921,214829
,,덕진구,,176489,176419,176369,176139,175830,175390,174760,174360,174550,174460,174240,174160,171041,170571,169796,168561,167908,167520,166827,166214,165607,164786,164051,163816,179203,180448,182099,183637,184854,186590,189712,191250,193382,194920,198882,209745,210613,210795,211484,212295,213173,214585,253070,255958,259787,263110,264900,265925
,군산시,,,114688,114083,112875,112510,111775,111088,109983,109390,108890,108552,108321,108233,113254,112734,112203,111629,111139,110794,110660,110580,110548,110479,110287,110362,113453,113615,113771,113859,113901,113984,114161,114484,114891,115193,115219,115375,115698,116083,116604,117396,118188,120313,158807,161262,163264,165200,166915,167505
,익산시,,,137500,137670,137926,138096,138266,138574,138967,139371,139461,139566,139716,139833,146207,146315,146080,145700,145330,144841,144272,143870,143750,143582,143495,143505,143380,143196,143196,143065,143043,143120,143750,144245,144690,144929,145310,145913,146245,146625,147234,147799,148114,148571,168160,168622,169132,169553,169882,170359
,정읍시,,,93954,93550,93371,93175,93008,92681,92619,92560,92573,92758,93000,92892,105644,105580,105708,105540,105352,105120,104940,104830,105360,105580,105920,106190,106570,106610,106630,106650,106630,106510,106750,106910,107070,107310,107350,107630,108310,108810,109050,109390,110350,111490,126467,127065,127745,128375,129358,130238
,남원시,,,114461,114933,115317,115528,115694,115692,115869,116064,116503,116836,117575,118092,140824,140891,141097,140965,141082,141388,141279,141044,141044,141412,141471,141206,141088,140794,140691,140941,140853,140735,140735,140809,140441,140118,140162,140544,140691,140794,140838,140838,140941,141221,132059,132686,133025,133712,134376,135249
,김제시,,,90896,90704,91117,91127,91121,91015,90885,90708,90563,90606,90977,91721,88030,88118,88143,88343,88543,88693,88945,88888,88988,89075,89238,89163,89350,89325,89350,89350,89350,89363,89438,89550,89675,89875,90025,90525,90725,90888,91075,91300,91575,91925,110400,110885,111362,111451,111709,111891
전남,,,,140878,141409,141635,141818,141702,141774,141897,142019,142205,142531,142875,143090,155863,155933,155960,156009,155977,155916,155839,155927,155921,156004,156037,156028,157783,157887,157985,157976,157982,158385,158896,159525,159936,160638,161419,162118,162518,162721,162885,163197,163626,164564,183370,184438,185412,186461,187109,187361
,목포시,,,147094,147318,147144,147136,146424,146028,146025,145149,145007,145021,145007,144856,152224,152124,151965,151749,151517,151371,151125,150910,150563,150313,150069,149833,148847,148667,148458,148222,148035,147715,147535,147076,146660,146306,146069,145799,145729,144972,144410,144465,144410,145139,142229,143075,144026,144644,145208,145371
,여수시,,,145449,146469,147560,148244,148699,149227,149586,150111,150557,151256,151633,151577,173897,173829,173519,173335,173050,173040,173222,173667,173889,174229,174694,174993,176056,176368,176875,177181,177493,178340,179104,180319,181458,182833,184368,186097,187063,188132,188854,189583,190271,192042,230105,231254,232859,233573,233825,233787
,순천시,,,148770,149027,149108,149203,149257,149351,149405,150054,150386,150792,151386,152096,164514,164833,165090,165599,166029,166201,166319,166639,166861,167146,167313,167556,173514,174020,174297,174601,174953,176189,177568,179493,180750,182473,184365,185689,186291,186561,186851,186905,186986,187405,238087,238724,238834,239303,239611,239702
,나주시,,,175105,176842,177132,177000,176842,176947,177421,178000,178474,178711,179421,180211,174435,174174,174378,174324,173802,172976,171867,171215,170759,170509,170211,169424,169433,169152,168673,167688,167010,166635,166240,165479,164583,163406,162802,162385,161990,161960,161885,161885,163344,165052,202225,206025,209000,212549,214587,216189
,광양시,,,88535,88876,88909,88987,89166,89629,89740,89859,90012,90184,90479,90641,110013,110427,111028,111730,112217,112444,112593,112815,113031,113315,113627,113872,114751,115006,115438,115665,115784,116341,117295,118210,118864,120239,121222,122216,122818,123352,123773,124614,125528,126023,111285,111514,111486,111656,111750,111434
,무안군,,,209622,210344,209469,209219,207031,205844,205313,205063,204256,204625,204969,205000,212613,212320,211420,209330,208418,207493,206863,206563,206150,205475,203525,202125,201850,200925,199613,198563,196988,195913,195113,193738,192375,191950,191088,190163,190400,190525,190625,190700,191000,192525,197918,199410,201369,206107,208869,210426
경북,,,,140438,140024,139629,139100,138530,138038,137580,136738,135977,135312,134728,133977,142143,141501,140897,140003,139288,138684,138180,137594,137106,136803,136520,136277,138694,138599,138515,138384,138306,138523,139389,140410,141135,141543,142124,144082,146579,148616,149954,151117,152484,154284,168938,170455,171527,173048,174099,174761
,포항시,,,153461,152875,152100,151385,150602,149725,148791,147603,146166,144828,144257,143415,143813,142710,141626,139969,138807,137993,137574,137097,136550,136326,136210,136105,139797,139860,140006,140203,140360,140842,142185,143926,145012,145896,147283,150954,155394,158333,160412,161561,162578,163219,193687,195650,196842,199023,199930,200034
,,남구,,148044,147632,146846,146249,145749,145169,144663,143326,141915,141099,140834,140596,140437,139733,138989,137274,136289,135700,135386,135186,134943,135071,134950,135207,137229,137493,137896,138340,138632,139028,139854,141556,142097,142771,144021,148972,154479,158139,161014,162000,162611,162792,201698,204003,205410,208608,209178,209114
,,북구,,156953,156256,155488,154698,153733,152663,151453,150360,148907,147233,146465,145233,146060,144690,143381,141762,140482,139518,139030,138369,137619,137161,137048,136702,141483,141415,141392,141426,141494,142034,143716,145483,146926,147949,149426,152256,155994,158460,160017,161273,162557,163500,187578,189281,190308,191715,192877,193111
,경주시,,,125656,125188,124406,122461,121344,120813,120173,118017,116111,115328,113891,112714,132372,131449,130269,129183,128414,128301,127750,127109,126853,126455,126192,126147,128450,128619,129006,129225,129988,130350,130769,131769,132725,133244,134006,136700,141013,143706,144844,145981,146894,147719,159913,160665,161245,163019,164391,165500
,김천시,,,140346,140681,141038,140873,140696,139987,139698,139219,139152,138265,137700,137854,140742,140217,139735,138650,137792,136883,136183,135642,135467,134850,134333,133833,132732,132531,132337,131773,131192,130821,131611,131887,131508,131524,131250,132395,136540,140960,143476,145089,147427,153444,169843,172517,174099,176325,178320,179153
,안동시,,,126080,125130,124482,123218,122975,122677,122409,120661,119873,119507,118566,117430,129074,128854,128549,128029,127941,127551,127059,127125,127316,127360,127493,127846,132290,132333,132297,132183,132136,132200,132114,132057,132014,132000,132243,132457,132929,133421,133886,135071,136636,140570,145854,148795,150039,151587,152811,154450
,구미시,,,139382,139020,138490,138206,137598,137235,136868,136304,135941,135593,135270,134525,138630,138134,137722,137190,136671,136009,135468,134750,133926,133199,132620,131722,131873,131436,131164,130773,130500,130964,132636,134382,135718,135718,135982,137809,139764,142018,143759,145423,147918,151173,177968,179795,181821,183891,185696,187217
,영주시,,,110935,110772,110837,110663,111054,111011,110880,111467,112011,112130,112250,112598,118511,118409,118545,118364,118284,118114,117920,117818,117898,117716,117534,117466,117239,117295,117193,117125,117057,117080,117261,117580,117557,117784,118193,118750,119057,119193,119307,119830,120170,120705,122686,123038,123167,122744,122453,122371
,영천시,,,100868,100605,100395,100121,99789,99526,99013,98371,98292,98213,98042,97805,113130,113213,112430,111118,109775,109138,108200,107775,107375,107325,106888,107038,102679,102488,102250,101905,101476,101250,101226,101131,100976,100893,100786,100821,100750,100817,100812,100979,101050,101133,98616,98549,98530,98520,98580,98445
,상주시,,,115469,116094,116594,116719,116906,117344,117625,117734,117709,117834,117991,118078,138529,138544,138574,138074,137426,136779,136191,136074,135956,135824,135662,135750,135809,135838,135441,135324,135221,135103,134897,134779,134735,134456,134074,134500,135147,135338,135250,135265,135382,135574,131500,131542,131483,131610,131668,131673
,문경시,,,134777,134623,134777,134746,134469,135015,135092,135215,135015,134585,134254,133838,145293,144887,144640,144160,143827,143233,143300,143333,143350,143283,142850,142600,142183,142100,141750,141550,141267,141250,141250,141233,141167,141033,141033,141233,141233,141317,140567,140233,140500,140700,150170,150477,150925,153789,155864,157005
,경산시,,,172897,172513,172667,172833,172269,171846,171692,171256,170654,170064,169308,168096,189451,188829,188512,187970,187335,186915,186262,185305,184561,184610,184402,184543,191804,191786,191560,191321,191173,191077,191583,192113,192756,193774,194417,196036,197524,199036,199964,201310,202726,203649,209992,210525,210779,211092,211230,211371
,칠곡군,,,101543,100696,100435,100000,99413,98913,98696,98552,98393,98274,97567,97250,107083,106479,106208,105927,105490,105260,104917,103458,102771,102604,102208,101833,107000,106690,105970,105550,104470,104070,104090,104100,104210,104200,104220,104330,104460,104650,104830,105094,105354,106710,114660,115670,116473,117750,118648,119315
경남,,,,184346,183493,182661,181681,179983,178658,177260,175387,173864,172541,171467,170188,180001,179248,178528,177654,176755,175851,174723,173687,172776,172168,172050,172654,175444,176087,176599,176833,176734,177332,179220,180272,180955,181422,183682,189495,192282,193683,194688,195934,197255,199098,227129,229284,231632,235353,238549,240285
,창원시,,,207873,206552,205168,203998,201678,200026,198123,195811,193927,192753,191652,190489,205468,204893,204117,203392,202211,201386,199918,198506,197408,197003,197223,198870,203255,204877,205834,206074,205779,206894,211491,214038,215747,216662,222776,235696,239370,240000,239598,240060,240686,242194,272047,275270,278425,284767,290501,293758
,,의창구,,214892,213514,212027,210757,208203,207297,205176,202770,200541,198730,196946,194514,223656,223313,222552,222844,222495,222417,220526,218568,217005,216672,217776,222521,227594,230594,232689,233515,233117,236107,247622,252648,256464,259735,277117,305173,309270,308352,302418,300714,299500,301622,341448,342965,345058,355442,362193,367520
,,성산구,,233929,232469,230888,229316,226143,223082,220857,217500,213878,212327,211316,211255,234971,234603,233934,232912,230603,229353,228081,227136,226471,226566,227456,230618,239928,242370,243326,243377,242830,244188,250804,255134,257714,258598,266457,287739,291616,291239,288768,285928,285246,286152,356242,362341,367912,376619,383192,386830
,,마산합포구,,182500,182014,181622,180865,178932,177892,176284,174324,172527,171257,170014,168865,174500,173778,172911,171578,170467,169578,168667,167811,166656,166067,165611,165333,167402,167554,167728,167696,167728,168065,168815,169109,169337,169402,169598,169815,170576,172152,173087,174022,174859,177489,192640,196330,200114,206322,211984,215653
,,마산회원구,,194375,193075,191063,190025,188300,187263,184988,182788,182413,181675,180450,178213,184283,183272,182500,181359,180098,178924,177375,176000,174821,173772,173418,173092,172701,173370,174582,174777,174652,175065,176587,177685,178391,178576,180880,185696,191587,193310,194978,195533,195620,197185,208780,210489,212237,216274,221198,224278
,,진해구,,195473,193622,192459,191541,189878,188649,187676,186818,186480,186182,185885,185291,190090,189537,188654,188351,188133,187654,185888,183761,182569,182122,181606,181553,183604,184813,185094,185333,185083,185354,186417,187161,187729,187844,189125,193266,196573,198385,203375,210521,215281,216104,219076,220348,221446,222987,227391,228033
,진주시,,,203570,202870,202760,201960,201220,200830,200270,199860,199370,198470,196710,194700,195319,194574,194027,192447,190734,188537,187282,186080,183739,182245,181548,181043,182016,182099,182286,182859,183193,184016,184703,185438,185938,186750,187625,189599,191323,193656,195703,197385,199490,201292,230600,231218,232502,234386,236160,237044
,통영시,,,145177,144161,143694,142790,142129,141484,139339,137032,136226,134806,134435,132935,140931,140028,139736,139444,139028,138917,138792,138625,139042,139153,139153,139847,148500,149053,149118,149289,149303,149526,149395,150461,151086,151875,151770,152428,153125,154076,155289,158467,160743,163921,173273,174385,176308,177065,177773,178241
,사천시,,,144204,143630,143685,143111,142315,141074,140530,139935,139620,138685,137826,135972,136474,135994,135434,134180,133260,131580,129520,127840,126320,124370,123150,122630,127880,127694,127519,127407,127278,126972,126620,126213,125639,125269,124815,124296,123963,123796,123704,123676,123398,123093,118558,118714,118937,119352,119764,119985
,김해시,,,186418,185978,185470,185007,183866,182739,181694,178716,176149,173649,172239,170261,169412,167713,165757,163684,162375,160875,159419,158235,157757,157515,157831,158618,160399,161145,162268,162913,163007,163775,164210,164196,163971,163703,163435,164623,165935,167312,168344,169417,170707,173134,227510,229235,231636,234811,237439,238739
,밀양시,,,124095,124193,123966,123914,122489,121339,121098,119886,119761,120305,120302,120414,140483,140014,139538,139124,137362,135479,133038,131807,130569,128795,127869,127476,127966,127398,127250,127091,126784,126648,126455,126261,125989,125727,125773,125625,125977,126977,127614,127932,128364,129125,152690,154517,155741,157747,158951,159974
,거제시,,,162246,160395,158018,155123,150728,147500,144175,141430,139061,136763,135070,133877,150462,150114,150804,151468,151671,151994,152038,151975,151589,150481,149582,149437,154366,154134,154067,153902,153518,153506,155274,155921,156366,156543,156165,155616,156555,157811,159494,160220,160549,161079,165249,166730,167782,169291,170697,171214
,양산시,,,162918,162750,162695,162379,161938,161499,161264,160954,160506,160202,160140,159821,175877,175560,175298,174873,174849,174599,174004,173385,172817,172222,171897,171464,173243,172993,172711,172633,172617,172508,172574,172582,172828,173383,174672,181445,187973,191410,194660,197867,201191,204215,225535,228207,231402,234331,235898,236563
제주,,,,296765,296579,296789,295702,295115,294989,294256,292550,291765,291383,290999,290736,299618,299371,299115,298720,298566,298832,297994,297184,295973,294944,293958,293074,287394,286937,286456,285805,284935,284557,284294,284113,283991,283900,283823,284321,285892,288040,289720,292064,300453,317029,300698,309200,314618,320832,325368,327078
,제주시,,,316333,316091,316076,314742,314106,314000,313121,311439,310803,310439,310167,310288,317706,317324,317074,316647,316529,317059,316235,315485,314279,313176,312206,311176,306071,305771,305400,304886,304057,303871,303871,303757,303757,303800,303771,304414,306314,308871,310943,313814,324614,344400,333712,345366,352627,360804,366008,368148
,서귀포시,,,228139,228153,229153,228931,228514,228319,228097,226306,225000,224556,223778,222167,242068,242250,241977,241682,241409,240841,239955,238955,237727,236932,235898,235477,229000,228054,227228,226152,225152,224174,223087,222696,222196,221685,221457,221500,222043,222913,223370,224065,224913,231457,230542,232347,233847,235890,239008,239803
