* 통계표명 :,평균전세가격_아파트,,,,,,,,,,,,,,,,,,,,,,,,,,,,,,,,,,,,,,,,,,,,,,,,,,
* 수록기간 :,2012년 01월 ~ 2023년 06월,,,,,,,,,,,,,,,,,,,,,,,,,,,,,,,,,,,,,,,,,,,,,,,,,,
* 조회기간 :,2012년 01월 ~ 2023년 06월,,,,,,,,,,,,,,,,,,,,,,,,,,,,,,,,,,,,,,,,,,,,,,,,,,
* 출처 :,한국부동산원,,,,,,,,,,,,,,,,,,,,,,,,,,,,,,,,,,,,,,,,,,,,,,,,,,
* 자료다운일자 :,2023.07.17 16:52:28,,,,,,,,,,,,,,,,,,,,,,,,,,,,,,,,,,,,,,,,,,,,,,,,,,
* 단위 :,천원,,,,,,,,,,,,,,,,,,,,,,,,,,,,,,,,,,,,,,,,,,,,,,,,,,
,,,,,,,,,,,,,,,,,,,,,,,,,,,,,,,,,,,,,,,,,,,,,,,,,,,
지 역,,,,2018년 01월,2018년 02월,2018년 03월,2018년 04월,2018년 05월,2018년 06월,2018년 07월,2018년 08월,2018년 09월,2018년 10월,2018년 11월,2018년 12월,2019년 01월,2019년 02월,2019년 03월,2019년 04월,2019년 05월,2019년 06월,2019년 07월,2019년 08월,2019년 09월,2019년 10월,2019년 11월,2019년 12월,2020년 01월,2020년 02월,2020년 03월,2020년 04월,2020년 05월,2020년 06월,2020년 07월,2020년 08월,2020년 09월,2020년 10월,2020년 11월,2020년 12월,2021년 01월,2021년 02월,2021년 03월,2021년 04월,2021년 05월,2021년 06월,2021년 07월,2021년 08월,2021년 09월,2021년 10월,2021년 11월,2021년 12월
전국,,,,227641,227491,226965,226213,225154,224313,223740,223386,223550,223631,223521,222941,228000,226979,225977,224927,224244,223702,223366,223347,223550,224180,225022,226281,231562,232591,233472,233922,234326,235423,236923,238935,241270,243364,246389,250758,253946,256587,258433,259680,260921,263722,308699,311556,314123,316827,318662,319525
수도권,,,,307606,307495,306665,305479,303918,302776,302138,301987,302699,303130,303078,302207,307396,305575,303876,302274,301367,300768,300535,300836,301487,302780,304293,306453,314117,315733,317063,317776,318426,320032,322258,325147,328360,331149,335007,339729,343305,346541,348818,350183,351476,355356,434833,439338,443397,447376,449902,451034
지방권,,,,151831,151645,151406,151066,150483,149928,149415,148869,148513,148262,148099,147793,153319,153050,152703,152173,151701,151212,150780,150459,150242,150248,150458,150870,153888,154364,154822,155025,155197,155817,156634,157820,159328,160768,163011,167046,169869,171952,173393,174529,175720,177506,194696,196062,197281,198833,200045,200663
6대광역시,,,,190541,190396,190246,189970,189350,188865,188407,187840,187602,187512,187375,187086,191298,191032,190750,190301,189968,189633,189305,189134,189207,189495,189980,190746,197000,197912,198751,199334,199633,200494,201263,202294,204031,205878,209265,214981,218827,221868,224215,226115,228120,231421,254904,256983,258725,260706,262093,262717
5대광역시,,,,187562,187421,187287,187044,186423,185930,185482,184969,184703,184615,184439,184151,187906,187738,187508,187091,186754,186438,186073,185937,185926,186173,186621,187356,192778,193579,194159,194339,194525,195313,196140,197298,198960,200636,203463,209121,212952,215870,217903,219410,221076,223589,248438,249966,251242,252848,253989,254467
9개도,,,,183960,183489,182987,182359,181527,180689,179887,179130,178814,178655,178402,177764,183702,183056,182318,181144,180268,179550,179064,178890,178975,179467,180171,181102,186771,187793,188617,188962,189369,190553,192087,194009,196254,198204,200519,203694,206051,208264,209668,210658,211685,213713,254420,257275,259765,262419,264168,265005
8개도,,,,121252,121060,120733,120310,119811,119249,118739,118196,117773,117313,116961,116491,123765,123376,122957,122420,121869,121290,120827,120363,119974,119765,119745,119818,121119,121283,121455,121588,121724,122159,122715,123449,124363,125120,126514,128624,130057,131195,132143,132995,133858,135159,150237,151548,152753,154276,155594,156510
서울,,,,439055,439993,438701,436684,434167,432741,432791,434190,436665,437730,437809,436631,448326,444552,441345,439739,439113,438876,439082,439901,440772,442509,444455,447659,457988,459219,460070,460497,461054,462242,464581,467949,470937,473167,477413,482445,486357,489337,491824,492800,493477,498336,615578,620146,624717,629079,632236,634037
,강북지역,,,359750,360719,361257,361137,360921,360823,360971,361505,362204,363031,363132,362593,375269,373695,371799,370629,370237,370069,370069,370411,370791,371709,372582,373767,383281,384171,384962,385483,385719,386508,387984,390081,392171,393872,395756,398998,401488,403440,404853,406032,407083,408944,528987,532434,536166,539741,542687,543875
,,도심권,,523806,525680,526746,527392,527667,528277,528680,529914,531600,532695,531963,530592,550511,547972,546128,544308,543255,542543,542134,542210,542670,543750,545269,547821,562210,563436,564308,564962,565326,566372,567918,569906,571758,573507,575528,580651,584115,586267,588252,589329,589852,591151,726628,731923,737461,743471,748567,750192
,,,종로구,431250,433333,435313,436354,437604,440417,442458,442813,445292,445875,447438,446604,467054,465804,461964,460179,459196,459018,458643,458911,459732,460518,461661,463339,586403,587125,588306,588917,589361,590625,592292,592708,593597,594347,595569,599639,602222,603417,603778,604278,604417,604847,615663,620913,625763,631013,635275,636475
,,,중구,470533,473283,474283,474033,473950,473783,474283,476117,478867,481517,481767,481633,491750,490300,488767,488167,487567,487150,486467,486100,486600,487550,488433,489450,487586,488814,489393,489493,489507,489671,490671,492571,493957,495257,496900,500329,502343,503729,504443,504643,504757,505186,644880,648960,653480,660290,665520,666730
,,,용산구,589103,590385,591154,592179,592308,592564,592308,593513,594282,594654,592500,590205,615303,611658,610368,607829,606487,605408,605145,605408,605711,606974,609000,612763,596085,597524,598439,599439,599976,601451,603268,605976,608512,610951,613537,620110,624805,627817,631244,633085,634012,636195,845874,852042,858678,864552,870021,872175
,,동북권,,326300,327118,327605,327294,326923,326711,326616,326967,327344,327976,328335,328316,341869,340544,338843,338031,337731,337526,337575,337951,338373,339296,340108,341098,345148,345773,346478,346900,346999,347647,348903,350726,352708,354380,355938,358484,360515,362381,363727,365029,366250,368211,482398,485425,488739,491524,493802,494933
,,,성동구,468469,469719,470677,468188,466333,464677,463594,462802,463073,465135,466875,467521,490117,487915,485543,484128,482989,482436,482713,483479,484351,486596,488904,491606,496627,497863,499137,500431,500775,502049,504402,508294,511304,514480,516912,521284,524843,527559,529559,531137,532441,535137,730310,733519,736548,740629,744033,745748
,,,광진구,526724,529829,529711,528882,527105,526026,524053,523605,523684,524184,524342,524289,540500,538395,536816,535395,535132,535132,535632,536724,538013,539671,541053,543605,570732,571244,571659,572268,572305,573463,575098,578085,580524,582256,583793,587817,590195,593707,595341,596732,597890,599805,696293,699571,704757,708629,711386,713736
,,,동대문구,351620,351980,352230,352260,351940,351710,351270,351930,352810,353660,353840,353580,365170,364181,362138,361468,361383,361319,361149,361309,361628,362298,362787,363223,372472,373075,374151,374632,374745,375160,376160,377783,380283,381557,382925,385340,386925,388283,389217,389689,389953,391821,490985,493728,498650,501340,503586,504717
,,,중랑구,283104,283677,283823,283948,284073,284979,285635,286135,286500,286833,286750,286688,311182,310409,310045,309659,309511,309375,309125,308989,309170,309591,309864,310045,300213,300404,300511,300553,300532,300723,301277,302745,304245,305415,306245,308277,309606,311202,312181,313117,313670,314798,404683,406551,408277,409666,410506,410923
,,,성북구,363255,365645,368736,369118,369327,369427,370182,371145,371673,371927,372091,372036,370283,367538,364868,363321,363047,362509,362462,362925,363377,363877,364736,365764,372027,372911,373991,374866,375223,375848,377161,379134,381875,384188,386580,389339,392241,394571,396777,398911,401080,404143,518231,521834,525349,528646,531463,532258
,,,강북구,298571,300429,300571,300429,300943,301429,301857,303114,305400,307200,308171,307643,314197,311136,305030,303591,303606,304197,304924,305818,306424,307758,308212,308788,312653,313944,315222,316125,316861,318125,319514,321903,323750,324792,325986,328236,329903,331819,333014,333889,334750,336986,430149,432533,434880,437533,439525,440426
,,,도봉구,250982,250545,250364,250382,250436,250682,250827,251082,251182,251409,251573,251291,260519,259236,257425,256849,256396,256245,256208,256434,256585,256849,257274,257811,246929,247384,247625,247804,247866,248281,249076,249808,250844,251969,253353,254607,255491,256232,256661,257018,257259,257982,353416,355471,357896,359774,361443,362249
,,,노원구,259494,259581,259419,259219,258869,258500,258444,258806,258806,259119,259319,259406,267964,267841,267422,267156,267052,266851,266844,267078,267318,268227,268831,269519,274284,274660,275173,275099,274920,275438,276648,277883,279389,280815,282080,284315,286228,287951,289290,291031,292895,294870,364043,368016,371364,373984,376261,377418
,,서북권,,400103,401177,401656,401840,401933,401906,402771,403614,404971,406344,405935,403998,409383,407399,404816,402725,402321,402520,402539,402890,403090,403918,404707,405935,429093,430722,431768,432560,433200,434342,436529,439602,442169,443947,446867,451584,455172,457322,458699,459508,460230,462013,553971,557607,561542,566070,569768,570874
,,,은평구,332922,333511,334044,334222,334322,333978,334000,333833,334433,334767,334433,333967,337965,336488,333384,331523,331279,331128,331419,331686,332233,333070,333756,334395,359480,360347,360847,361235,361500,361980,363173,364918,366571,368112,369898,373163,375704,377929,379653,381622,383194,385444,462310,466140,469365,472904,475832,476739
,,,서대문구,372739,373784,374455,374830,375466,376068,376705,376773,377068,377182,376659,374739,377786,375702,373476,372476,372226,371881,372119,372167,372107,372333,372905,374000,378967,379413,379837,380120,380283,380728,381859,383565,384587,385978,387957,391120,393359,394837,395880,396707,396967,397924,538055,541098,544095,548124,551408,552328
,,,마포구,472324,473794,474088,474137,473824,473578,475265,477461,480186,483294,482912,479824,488480,486173,483735,480653,480010,480888,480531,481173,481296,482561,483592,485378,522644,525774,527726,529226,530524,532721,536500,541663,546125,548385,552923,559971,565413,568010,569356,569221,569606,571635,649793,653764,659138,664980,669724,671167
,강남지역,,,505981,506894,504056,500440,495981,493434,493400,495530,499504,500769,500830,499112,509714,504091,499783,497811,496988,496694,497072,498292,499576,502002,504849,509748,521397,522916,523818,524164,524995,526521,529593,534040,537790,540469,546720,553271,558390,562243,565641,566443,566804,574207,698967,704613,709992,715113,718473,720864
,,서남권,,374854,376581,375774,374264,373389,373227,374444,375775,377744,378881,378774,378411,388979,387281,385654,384196,383359,382927,383034,383547,384399,386401,388888,391633,392729,393111,393600,393856,393951,394447,395623,397799,399874,401723,404415,407954,410546,412657,414211,415217,415718,417800,524747,528830,532413,536121,538545,540717
,,,양천구,445792,449458,447667,442750,440883,441717,445008,446942,448958,449733,449925,450200,459978,458522,456119,453537,452455,451731,451776,452410,453127,455821,460746,467030,465807,466857,466379,465564,464743,464793,466271,468000,469807,471336,473414,477086,479000,480614,481986,482979,482693,482814,628315,634637,638089,643560,646847,650310
,,,강서구,324766,329453,329258,328680,328117,327195,328133,328313,330781,332008,331305,330852,339306,338484,337056,336266,335718,335234,335621,336218,337097,338935,340903,342952,354394,354894,355500,355955,355955,356348,357212,358932,360720,362432,364606,366773,368455,370045,371361,371898,372452,373545,491452,495426,498676,501691,503936,506701
,,,구로구,328328,329319,329586,329207,328603,328017,328034,328388,328534,328991,329216,329466,344891,343709,343182,342673,342182,341864,341791,341991,342464,343009,343936,344773,340212,340907,341822,342161,342534,343424,344492,346559,348678,350839,352932,355585,358415,360542,361856,362797,363653,365246,421051,423385,426186,428658,431477,433559
,,,금천구,269986,269786,269686,269400,269057,268957,269200,270086,270314,270800,270986,271071,272141,270969,270406,269969,269938,269719,269953,270141,270578,271219,272906,275375,318000,318308,318603,318897,319141,319538,320218,321923,323333,324936,326872,328833,329513,330308,331021,331267,331423,331718,380578,382647,385275,388477,388934,389283
,,,영등포구,393486,394277,393959,393705,393295,393941,393823,394859,397386,399914,400450,399932,424106,421792,420634,418449,416838,416579,415889,416324,417574,419824,422898,425111,419390,416805,417432,417898,417881,417992,419085,420864,422814,424398,426297,430364,432424,433771,434864,435593,436322,437949,581962,585631,589997,594935,598348,600900
,,,동작구,477190,475620,472270,469740,468380,467410,470380,475280,480220,481330,480230,478010,482806,478184,473888,471786,470663,470265,472000,473490,475214,479112,480847,483541,474885,477317,478394,479288,480452,481663,483548,487750,490154,492490,499058,504962,509846,514548,517606,519663,519971,528260,640281,646234,651562,656388,659353,661602
,,,관악구,337935,338152,338043,337489,336880,336913,337413,337946,338489,339587,339685,339576,341500,340930,340326,339198,338651,338221,337337,337140,337407,339070,341407,343512,337141,337728,338163,338598,338783,339380,340424,342880,346087,348207,350935,355674,360033,362837,364957,366630,367880,370359,472391,475782,478828,480299,480741,481034
,,동남권,,652128,652135,647033,641069,632615,627411,625982,629003,635211,636619,636867,633640,642566,632624,625368,622829,622023,621879,622556,624553,626314,629205,632448,639720,663838,666618,667976,668422,670067,672734,677905,684864,690470,694068,704259,714145,722060,727843,733282,733858,734064,747357,925512,933192,940907,947863,952442,955117
,,,서초구,786922,788680,780234,773594,764188,758758,759016,766555,771500,772516,769578,764383,789000,779112,770813,767321,766291,766030,768149,773910,778321,781925,785284,791104,856349,862240,864651,864589,863541,866329,872822,880610,887658,891664,904007,917507,926658,934041,937288,939630,939726,977356,1081912,1092018,1104106,1111128,1116791,1119795
,,,강남구,766839,767108,764210,757892,746274,740091,737296,738247,745129,746876,749833,747688,766421,752135,739404,734933,733927,734034,735169,737006,739034,742275,747393,757551,769973,772140,774435,776656,777645,779565,785301,792038,797349,801285,812801,823027,832344,840016,852043,852091,852102,856366,1131300,1139405,1148018,1156946,1162847,1166855
,,,송파구,563007,560431,554688,548486,540854,534222,531535,533354,542111,543583,543792,540965,538142,531299,529035,530521,532056,532951,533368,533826,534181,537972,541111,548201,564010,566679,566834,565818,570890,575117,579416,586656,592643,596221,605844,614435,621734,625357,628019,628221,628974,637903,828310,835523,840783,847368,850433,852285
,,,강동구,407187,408713,405307,401333,398607,397960,398860,401473,403827,405047,404807,401633,413635,406016,401310,396690,392659,390516,388992,388984,389214,389103,389135,393579,398940,398866,399269,399821,400388,401560,405500,411284,414858,417388,423470,430209,435164,439261,441082,440858,440627,444560,570056,574819,579413,583904,587386,588868
경기,,,,249422,248661,247976,247133,245954,244828,243722,242740,242536,242692,242542,241728,246019,245106,244037,242199,240985,240123,239614,239741,240319,241539,242997,244820,254351,256255,257752,258315,259002,260955,263496,266640,270256,273435,276699,280968,284276,287597,289469,290602,291798,294574,368781,373330,377231,381127,383349,384101
,경부1권,,,367890,368561,367828,366613,364802,363361,362146,361343,362122,362903,363333,362519,376097,373774,371068,366380,362892,361335,362159,363374,365320,368469,371193,375451,392538,394453,395207,394675,394791,395976,398649,401970,406007,409848,413546,419010,424015,427240,428382,428748,429132,430580,501618,505691,510028,513886,515002,515059
,,과천시,,541250,543750,543750,543125,541875,538333,534063,530208,532708,541271,553146,552521,616563,614896,612896,604271,593875,593083,595771,610354,623542,646396,663104,687271,697375,696500,690323,667844,636083,625667,634375,642458,653896,658938,661896,664229,662688,661417,659354,655771,652979,651500,716281,720563,726563,728719,732891,733672
,,안양시,,317701,317700,317949,317635,316567,315692,315090,314617,315171,315814,315978,315631,329353,327217,326637,322026,319408,318247,319720,320154,321426,323864,325473,330349,340910,344637,345968,345145,347264,350266,352869,355700,359628,362549,365957,369191,372524,373801,374777,375421,376615,381320,416651,422784,427885,431134,428784,426671
,,,만안구,267886,267818,268091,267716,266773,265727,265341,265239,265443,265511,265420,265193,274628,273532,271160,267862,265840,264755,272064,273106,274128,277074,279287,282766,299573,300615,300990,300083,301833,305250,307802,309719,314417,316729,318479,319896,321219,322563,323771,324781,326042,328448,359123,363770,366317,368415,363678,363675
,,,동안구,341714,341746,341984,341698,340571,339778,339071,338421,339143,340063,340349,339944,357377,354708,355046,349762,346838,345638,344123,344246,345646,347823,349123,354715,362273,367386,369212,368432,370742,373530,376159,379462,382992,386227,390492,394667,399038,400280,401136,401591,402750,408644,453589,460677,467418,471405,470589,467121
,,성남시,,443137,445045,443182,440726,437413,434878,433041,432121,433364,433973,434035,432643,452586,450182,447497,444862,442521,441285,443145,444128,445269,447861,451230,454693,485590,486353,486416,486355,486275,486749,489663,493536,498042,503116,507606,516525,524522,528816,529006,528192,527835,526640,623199,623875,626364,630294,632935,634127
,,,수정구,336323,336806,336097,335484,334129,331968,330677,329710,333935,334903,334903,332742,388378,384976,380854,379335,380884,380701,381738,384122,386878,393805,401427,407854,477310,479905,478631,479530,480827,484018,495929,505131,512988,519452,524851,531750,541036,543048,538512,534321,532143,527798,524779,530176,536305,543206,545473,545691
,,,중원구,258457,258314,258271,258186,258029,257557,257400,257586,258429,259029,258771,257886,271103,269897,268882,268118,267750,267721,267765,267838,268294,269309,270544,271412,270809,271603,272779,274485,275662,277074,278853,283279,287529,291441,294029,298882,302074,304309,305838,306654,307228,308213,410052,411185,412960,415101,414972,414547
,,,분당구,503151,505767,503295,499986,495623,492562,490253,489096,489904,490452,490596,489226,507196,504743,502000,498703,495068,493331,495777,496655,497595,499588,502500,505892,535236,535581,535696,535027,534358,534014,535162,537716,541527,546547,551257,561534,570311,575574,576527,576108,575953,574980,740232,738899,740232,743664,747473,749643
,,군포시,,279921,279035,278596,277930,277351,277123,276526,275895,275982,276158,276105,275596,279809,278945,276827,272955,268845,266464,263809,263536,264282,266200,267073,269400,270250,271973,273357,274375,275089,276107,277527,279366,280768,282232,284429,287018,289179,291429,292750,294518,295143,297196,350317,356550,362183,367304,370974,372857
,,의왕시,,318663,318538,318538,318413,318163,318038,317288,316550,316775,317263,317225,316675,320474,314654,301949,286256,276744,273513,273256,278244,286321,292346,296449,300808,312388,313931,316381,317594,318375,319425,322113,326425,332000,338038,342338,346613,351375,360313,367225,370413,371588,372600,452185,459196,465357,469443,469914,469057
,경부2권,,,262712,262058,261546,261030,260224,258586,257588,256698,256135,256034,255409,254401,260884,259957,258800,255933,253979,252403,251084,250975,251128,252197,254246,256917,269327,274826,278492,279879,281444,285386,289120,293735,299612,303593,307313,311299,315213,318711,320363,321081,322106,324251,397078,400711,403668,407332,409683,410756
,,안성시,,109463,107146,106585,105720,103220,98354,97744,96744,96098,95963,95110,93988,101370,101280,101025,100505,100120,99710,99300,98500,98190,97985,97955,97965,101877,101901,101976,101986,101906,101939,102212,102660,104453,105330,106151,107368,108811,109679,110840,111660,112896,114401,148918,151457,152952,156261,158625,160128
,,용인시,,298349,298242,297483,296509,295297,292798,290968,289802,289009,289153,288616,287651,290614,289363,287771,284484,281962,279937,278189,278089,278280,279271,281665,284779,292626,298617,302789,303360,305180,309797,314521,320286,328381,332055,336750,341257,345902,350017,351752,352391,353457,355774,461286,465539,468723,472412,475320,477162
,,,처인구,135278,134417,134222,134028,133083,132764,132486,130667,130361,130222,130153,129972,140988,140763,140463,140063,139638,139488,139413,139563,139588,139663,139838,139850,144796,145245,145449,145673,145755,147184,148327,150000,152857,154480,155765,156765,158357,160898,162694,163378,163816,164276,244015,245936,248041,250412,252699,253449
,,,기흥구,273279,273125,272037,270912,269228,265706,262221,260000,257191,257081,256081,255404,256092,254592,253183,250225,247993,246317,245162,244930,244831,246380,248324,250549,263534,268986,271952,273027,275712,281377,288849,294596,301322,304678,309062,314205,320370,325356,327993,328856,330404,333781,449045,453914,457240,460439,463033,463178
,,,수지구,368154,368301,367721,366684,365875,363809,363221,363294,364397,364875,364676,363206,369529,368236,366079,361614,358186,355257,352414,352379,352914,353600,357100,362029,378824,387472,394401,394577,396155,400887,404106,411437,422937,427718,434028,439197,443415,447218,447993,448380,449183,451099,586752,591588,595187,600062,603616,607761
,,수원시,,251710,250780,250514,250497,250345,250041,249789,249185,248856,248523,247849,246816,253708,252980,252121,249342,247724,246423,245395,245370,245549,246864,248861,251462,270122,275920,279597,282010,283557,287384,290619,294677,298905,303648,306803,310666,314201,317456,319095,319878,320832,322896,382860,386116,389131,392837,394667,394947
,,,장안구,241618,240314,239706,239608,239382,239010,238892,238765,238343,238304,237951,237824,240192,239712,238808,236894,236029,234808,233904,233548,233798,234769,235135,235466,251188,253063,254851,257457,258063,259957,261966,262918,264130,266120,268976,271154,272856,274106,275163,275567,275856,278125,346755,349691,350396,353585,355562,356331
,,,권선구,212855,211545,210609,210164,210327,210491,210482,210318,210636,210827,210955,211464,218552,218388,217836,216526,215474,214517,213871,213802,213931,214078,214802,215853,232199,235017,239178,239568,240551,243568,246983,253458,260407,267441,270636,275085,277619,278975,279212,279975,281034,283449,331805,334141,337809,341388,343110,342977
,,,팔달구,235382,233618,233158,232947,233539,233276,233013,231605,231263,231079,230947,230237,235351,235068,234716,233432,232649,232135,231270,231405,231405,231459,231811,234014,242784,245203,247297,249189,250162,252932,255176,256446,259311,262014,264297,267514,269568,272216,274419,275081,275703,275851,299716,302518,304691,308404,309493,311032
,,,영통구,294183,294087,294635,295071,294460,293825,293302,292325,291563,290579,288881,285944,296986,295493,294243,289207,286357,284457,282986,283157,283393,286300,290950,296414,321444,333225,338239,342317,345099,351148,355345,360373,364796,370134,373739,378415,384401,390641,393577,394655,396056,398352,489273,493730,498223,502400,504557,504251
,서해안권,,,205247,203303,202080,201026,199667,198493,197134,196114,196209,196380,196053,195248,197113,196468,195627,194665,194240,193839,193272,193382,193817,194870,196048,196949,204634,205641,206850,207263,207654,209172,210875,213365,216335,219888,222810,225681,227471,230026,232520,234569,236537,240498,309439,314423,318416,322517,325286,326195
,,부천시,,228932,227679,227352,227432,227370,227586,227710,227920,229056,230265,230364,229735,238327,237875,237482,236821,236131,235905,235815,236107,236851,237518,238202,238946,244374,244550,244821,243576,243415,245291,246679,249559,251859,253918,256259,259182,261088,262959,264465,265982,267024,270300,346865,352296,356190,359571,362015,362617
,,,(구)원미구,-,-,-,-,-,-,-,-,-,-,-,-,-,-,-,-,-,-,-,-,-,-,-,-,-,-,-,-,-,-,-,-,-,-,-,-,-,-,-,-,-,-,-,-,-,-,-,-
,,,(구)소사구,-,-,-,-,-,-,-,-,-,-,-,-,-,-,-,-,-,-,-,-,-,-,-,-,-,-,-,-,-,-,-,-,-,-,-,-,-,-,-,-,-,-,-,-,-,-,-,-
,,,(구)오정구,-,-,-,-,-,-,-,-,-,-,-,-,-,-,-,-,-,-,-,-,-,-,-,-,-,-,-,-,-,-,-,-,-,-,-,-,-,-,-,-,-,-,-,-,-,-,-,-
,,안산시,,222320,221490,220190,218649,214887,210963,204853,198179,196187,195141,194286,193093,187461,186789,187308,187882,190170,191027,191161,191159,191078,191397,192041,192419,198011,197305,195258,194168,194717,197009,197893,199056,202242,204577,207391,211431,214549,218697,221166,224784,227282,232584,282082,288383,293650,298838,302612,305226
,,,상록구,208200,207311,206133,204989,201722,199633,193844,187122,184700,183567,182722,181378,180773,180011,179682,179830,181648,182489,182432,182341,182307,182489,182807,183023,186483,185267,183085,183159,184341,186034,186477,187443,190159,192023,194511,197273,199119,201648,203386,205455,208386,212705,262090,267359,270715,274223,277196,279659
,,,단원구,233020,232235,230843,229000,224863,219549,213196,206559,204892,203912,203049,201971,192900,192300,193510,194430,197100,197970,198260,198330,198210,198640,199550,200060,206843,206528,204583,202602,202667,205417,206639,207954,211500,214194,217259,222278,226370,231759,234787,239593,241759,247815,298774,305936,312800,319389,323832,326572
,,시흥시,,169508,165977,163985,162644,161652,161197,160689,160159,159970,160235,160023,159644,165155,164810,164373,162711,162120,161535,160761,160268,160507,161169,161465,161556,172701,174059,174796,175638,176283,176651,176270,176618,177263,178217,179211,181289,183128,187349,191816,195151,199678,208947,271004,277342,283597,289579,293858,293991
,,광명시,,275700,275218,274100,273436,272764,271900,272345,273873,276709,278782,278618,276955,272938,270938,268170,269911,272402,273696,274321,275527,275946,277500,279536,280616,305640,306386,308000,309026,309772,310912,314491,319228,326816,342789,349096,355202,359211,361728,364395,365956,366377,366693,444252,449045,454752,460715,464661,466525
,,화성시,,221513,218838,217649,216812,215766,214877,213812,213584,213779,213513,212922,211929,211608,210597,208460,205097,202568,200830,199886,200420,201875,204710,208040,210625,218042,220392,223684,224868,224816,226590,229420,233146,237344,242024,246608,249212,250146,251608,253599,254519,255165,256882,360486,365157,367995,371594,372904,372485
,,오산시,,157233,154011,151544,148456,146500,144689,144444,144611,145078,145033,145244,144967,154971,154841,154591,153979,153040,152820,152216,152596,152478,152659,153668,154047,157102,158061,159619,160775,161480,162471,164594,167053,169307,171070,173381,175816,177480,179258,180324,182029,184082,188189,271308,275251,278607,282020,284803,286145
,,평택시,,141052,139060,137799,136231,134478,133090,131506,130716,129575,128790,128269,127784,129444,129414,129160,128713,127833,127025,125173,124296,123735,123858,123500,123574,130588,131747,133599,135045,136125,137724,139509,141460,143057,143807,145091,146432,147057,149597,152705,155085,158233,162318,199850,202765,204094,205837,207604,208713
,동부1권,,,243497,242456,241953,240726,239116,237894,237188,236345,235972,235990,236412,235897,243525,242722,241849,241335,241454,241452,241280,241774,243085,244392,245850,247444,256988,257783,258908,260088,261552,265017,269702,275553,280693,283807,288020,293637,297670,301514,302792,303136,304048,306925,416682,423020,427870,431925,434544,435102
,,남양주시,,221099,220617,219975,219052,218306,217833,217536,217079,216598,216338,218344,218740,228200,227885,227458,226835,226566,226347,225920,225448,226070,225890,226048,226177,228734,229325,229285,229855,230473,231710,233812,238860,243312,246097,250710,255376,260118,266618,269231,270167,271866,275941,356152,362566,368181,374290,377246,378150
,,구리시,,282372,281174,280453,278209,275174,273116,271616,269837,269140,270686,270384,270628,270395,269756,269299,267256,266511,266766,266160,265574,264702,263298,263160,264149,274438,275594,279844,283875,285750,288458,291115,297479,303479,306375,309625,314281,316844,319396,320500,320979,321729,324302,419803,423745,426559,429755,431431,431521
,,하남시,,323867,320956,320944,319233,315989,313256,311467,309867,309978,309678,305978,301267,297157,294157,291139,291907,294037,294500,295407,300352,306306,315065,322935,330676,360944,362603,365134,366259,370069,379621,394466,406284,416172,422517,428362,439224,443862,442198,439397,436414,434759,435017,591137,601354,607681,610150,614168,614588
,,광주시,,194786,193940,193631,192893,191405,189976,189810,189369,189190,189000,188940,188988,202509,202527,202300,202209,202127,202045,201900,201436,201745,201945,201745,201536,206783,206842,207025,207475,208475,212667,215550,216283,217075,217558,219408,222742,225142,228167,230158,232458,234050,236442,349066,353076,356457,358553,359716,360102
,동부2권,,,136416,136461,136714,136986,137224,137610,137521,137387,137325,137262,137548,137336,141775,141560,140973,140203,139408,138991,138771,138640,138419,138150,137996,138006,147470,147680,147881,147912,148072,148502,148674,148633,148914,149091,149295,149905,150398,151329,152149,152967,153894,156086,175693,177685,180202,183243,186623,188910
,,이천시,,145036,145107,145464,145869,146250,146619,146286,145917,145679,145595,145976,145549,147189,146970,146129,145201,144250,143652,143409,143213,142957,142628,142476,142482,157185,157625,158226,158381,158696,159417,159726,159690,160155,160494,160875,161750,162381,163667,164786,165917,167143,170238,191358,194187,197594,201645,206552,210185
,,여주시,,111175,111175,111290,111367,111367,111406,111137,111060,111060,110790,110752,110290,110313,110006,109737,108971,108163,107856,107587,107423,107058,106683,106452,106356,106413,106279,105712,105577,105673,105721,105760,105808,105654,105394,105260,105394,105663,106052,106413,106740,107260,108048,133612,134388,135653,137353,138472,138654
,경의권,,,244896,244317,243862,243085,242031,241475,239983,238210,236999,237017,236735,235597,236149,235676,235380,234322,233620,232755,231701,230957,230717,230866,231356,232282,244556,245318,246225,246981,247512,248471,250639,252319,253834,255671,258635,264944,268964,273042,275400,276698,277780,280002,364881,370088,374874,379182,381436,382700
,,김포시,,222542,221875,221592,220483,218667,218333,217342,215508,215342,216617,217458,217325,221493,220901,220620,220261,219908,219570,219211,218986,219049,219162,219669,220190,237053,237325,237725,237563,237431,237456,238113,238300,238625,239031,240975,248913,250606,253438,254769,255500,255781,256113,337852,340693,345021,349547,351325,352533
,,고양시,,267106,266461,265882,265167,264102,263499,262364,260815,259778,259844,259676,258514,260585,260235,259809,258104,256978,255602,253934,252706,252184,252108,252431,253510,263850,264837,266056,267495,268632,270493,274252,277347,280091,283360,287883,294589,300399,305691,308891,310684,312168,315076,407046,413008,418554,423347,426173,427651
,,,덕양구,251091,250182,249553,249098,247553,247152,246682,246129,246856,248227,248977,248500,253590,253306,253269,252037,251313,250045,248888,248216,247813,247903,248440,249433,261199,262309,263618,265360,266478,268081,271706,275088,278522,282735,288449,297640,305596,311728,316162,318515,320426,324015,389321,395128,401921,406771,409647,411170
,,,일산동구,307206,306510,306294,305029,304147,302951,301853,299402,298235,297804,296588,294029,301370,300760,300110,298920,297940,296400,294470,293280,292620,292590,292590,294020,309221,310583,312230,313897,315588,318255,322304,325422,328000,331000,335490,341971,345902,350833,353863,355765,357549,359784,465794,472067,477579,483177,486691,488079
,,,일산서구,258444,258127,257365,256722,256071,255635,253738,251675,248762,247706,247206,246206,243290,243024,242298,239742,238073,236677,234597,232718,232145,231855,232137,233097,238429,239040,239889,240841,241651,243302,247032,249786,251849,254214,257405,261429,265976,270540,272444,273532,274341,276897,382693,388593,392793,396921,399179,400675
,,파주시,,199237,198958,198703,198085,197864,197220,194093,191686,188839,187390,185576,183458,183048,182363,182427,182403,182508,182484,182371,182403,182613,183460,184411,185379,201333,202106,202803,202864,202583,202265,202008,201720,201394,201136,201136,204280,206371,208720,210083,210750,211758,214515,276275,282144,285299,287959,289138,289857
,경원권,,,157586,157491,157409,157379,157229,156908,156665,156433,156298,156253,156098,155905,157867,157766,157565,157472,156977,156388,155973,155804,155925,156571,157221,157665,164311,164572,165024,164919,164775,164709,164980,165995,168132,170101,172523,174908,177027,181310,183027,184275,185368,189245,219481,222997,225529,228691,230008,229586
,,포천시,,104269,104106,103846,103625,103200,102910,102660,102477,102338,102219,101604,101281,106857,106746,106413,106265,105913,105691,105228,105144,104959,105080,105370,105370,103625,104018,104161,104232,104089,103991,104080,104277,104563,105036,105438,105714,106063,106750,107205,107705,108161,109545,123669,125320,126966,127856,128838,129403
,,동두천시,,112672,112438,112125,111984,111625,111422,111203,110906,110953,110875,110945,110930,110692,110742,110775,110742,110575,110558,110392,110125,110133,110600,110967,111200,116435,116839,117210,117129,116629,116347,116798,117298,117774,118452,118879,119234,119992,122210,124282,126153,127758,131081,148214,150505,152578,154015,154752,154717
,,양주시,,130811,130767,130767,130722,130411,129744,129256,128844,128356,128267,127978,127833,132175,132080,131680,130600,129420,128100,127020,126690,127000,128360,129630,130460,141019,141375,142125,141173,140702,139365,138808,139462,141404,142933,145077,147548,150721,154615,155260,156548,157644,160413,208576,213271,217887,223724,225467,225383
,,의정부시,,188288,188212,188174,188205,188220,188023,187886,187742,187727,187720,187644,187409,187196,187065,186935,187312,187058,186652,186514,186428,186529,186949,187413,187783,193764,193932,194301,194575,194658,195253,195921,197332,200154,202805,206041,209082,211212,216614,218977,220203,221295,226192,275289,278966,280582,283241,284568,283539
인천,,,,201951,201788,201579,201173,200553,200103,199610,198831,198701,198603,198616,198326,204218,203581,203100,202527,202212,201804,201617,201315,201704,202149,202777,203657,212832,214159,215971,218067,218789,219927,220478,221033,223050,225537,231027,236957,240858,244362,247888,251262,254537,260794,279165,283314,286804,290193,292502,293673
,중구,,,162857,163014,162971,162591,162214,161384,160290,158836,157476,155473,153613,151624,145943,144886,144215,142931,141847,140614,140357,140364,140626,141383,141807,142467,152494,153077,154577,155970,156113,156512,156738,158274,160952,164488,167631,169345,170637,173911,178213,180785,184011,186523,238115,238605,239010,239465,239655,239909
,동구,,,135750,135786,135714,135554,135339,134982,134679,134589,134589,134589,134500,134446,134241,134019,133704,133370,133074,132870,132815,132704,132778,132778,132778,132815,132352,131926,131722,132370,132704,132574,132444,132389,132759,133630,134574,135056,135407,135933,136330,137157,138194,140315,162684,163569,164402,165379,166280,166980
,남구,,,172280,172366,172194,172134,171970,171737,-,-,-,-,-,-,-,-,-,-,-,-,-,-,-,-,-,-,-,-,-,-,-,-,-,-,-,-,-,-,-,-,-,-,-,-,-,-,-,-,-,-
,미추홀구,,,-,-,-,-,-,-,171591,171276,171371,171612,171871,171690,179403,178996,178640,177979,177458,177220,177161,176949,176822,176949,177127,177229,179035,179563,180875,184219,185203,185680,185523,186664,188570,191477,193539,195461,196828,198648,199617,201055,204063,206813,221283,223059,226599,230909,234209,236562
,연수구,,,266596,266566,266375,265882,265022,264559,263772,261654,261294,260331,259566,257846,272035,270188,269007,267542,266285,264354,263451,262375,263354,264208,265993,268090,280532,284519,288831,289416,288539,288571,289097,289312,293675,296578,311474,330649,340864,345851,347253,349773,353006,365792,408813,420232,430440,437681,443283,445795
,남동구,,,217123,216925,216678,216123,215514,214973,214514,214333,214532,214785,215203,215059,218247,217930,218025,217449,217329,217247,216557,215668,216095,216557,216804,217361,232088,232756,234269,236919,238797,240631,241031,240716,240594,242119,247219,251328,254444,258594,264888,268613,272244,278731,277483,280917,283232,286599,288351,288899
,부평구,,,204574,204419,204149,203892,203047,202804,202216,200919,200791,201095,201115,201243,200133,199507,198967,199373,199600,200280,200627,200800,201167,201320,201787,202340,203132,203849,205941,207836,208770,210921,212086,213158,214684,216151,219375,222862,225559,228382,232309,236086,239961,246303,270393,273713,276170,279009,280775,281993
,계양구,,,167338,167346,167198,166961,166713,166598,166451,166072,165834,165744,166031,166172,177133,177100,177025,176858,177075,176592,176763,176500,176433,176992,177642,178621,179421,180538,180929,182546,183654,184271,184404,184738,185188,186504,188879,190679,192338,194496,195946,198396,200854,205446,213130,217175,220126,223260,226060,227997
,서구,,,192365,191723,191470,190760,189902,189000,188473,188257,188196,188291,188628,188980,191558,191149,190442,189630,189364,189013,189130,189455,189987,190455,191000,192013,211031,212213,213346,216349,216988,218577,219590,220435,223910,228269,233022,237880,242034,246519,251941,257614,261059,265929,299165,302004,303559,305210,305669,305290
부산,,,,200896,200539,200118,199580,198728,197961,197280,196276,195827,195539,195173,194582,195215,194837,194384,193633,193043,192471,191715,191162,190673,190461,190392,191175,197063,197333,197327,197219,197111,197286,197714,198389,199399,200879,203919,210003,213999,216701,218376,219472,221326,224310,249237,250690,252042,254094,255476,256168
,중부산권,,,206329,205990,205511,204976,204211,203599,202819,202175,201759,201189,200756,200249,204117,203776,203461,203042,202645,202343,201820,201353,201007,200768,200711,201227,209647,210009,210112,209982,210002,210230,210702,211177,211942,213769,217001,222933,226671,229236,230048,230598,231635,234107,246939,248343,249458,251031,251997,252408
,,중구,,109133,109033,108867,108650,108277,107923,107690,107357,107157,106890,106717,106533,108125,107979,107792,107542,107375,107333,107292,107000,107000,107000,107000,107000,106708,107042,107042,106875,106875,106875,106875,106875,106875,106875,106875,107125,107167,107417,107417,107458,107542,107917,124513,124908,125513,126303,126947,127303
,,서구,,180341,180318,180295,179795,179511,179239,178875,178511,178352,177989,177648,177239,187898,187664,187050,186432,185909,185205,184773,184455,184273,184114,184011,184000,192177,192188,192083,191938,191875,191813,192500,192500,192458,193125,194375,197063,200188,202313,203104,204104,205104,205313,220389,221037,221488,222056,222710,223142
,,동구,,137250,137194,136889,136778,136631,136492,135825,135292,134989,134667,134406,133978,148668,148150,147794,148018,148076,147559,147029,146471,145853,145359,145065,145065,145422,145144,144950,144672,144506,144283,144228,144450,144450,144847,146069,147542,149097,150042,150486,150681,151042,151264,180935,182363,184323,185266,185610,185885
,,영도구,,134250,134196,134125,133948,133620,133225,132986,132771,132596,132436,132346,132177,149362,149319,149102,148629,148336,148190,148069,148060,147836,147819,147733,147733,148942,148908,148908,148842,148808,148842,148908,148908,148908,148942,149092,149217,149242,149425,149483,149533,149533,149817,136385,136798,137005,137341,137796,138288
,,부산진구,,191209,191136,190845,190645,189809,189436,188955,188573,188291,187782,187445,186991,190473,190241,189696,188973,188259,187804,187179,186741,186348,186214,186196,186152,194149,194281,194281,194175,194158,194123,194184,194175,194439,195342,197509,204079,207658,209982,211228,212263,213342,215833,217581,219671,220692,221952,222643,222969
,,남구,,221111,220156,218767,218078,217133,215656,213967,212678,211889,210911,210100,209233,217557,217341,217659,217614,217477,217409,216682,216273,216136,215841,215636,217398,238208,239365,239594,239406,239672,240734,242521,243813,246010,250344,255781,266302,274802,280719,280823,280729,281729,284177,315707,316825,317606,318498,318761,318895
,,연제구,,247400,247213,246884,245821,244909,243546,242771,242321,241996,241609,241209,240859,237301,236667,236387,236228,235899,235630,235460,234765,234445,233909,233957,234030,241262,241619,241810,241762,241732,241685,241756,242185,242565,243589,247756,253149,255506,257149,258792,260077,261804,267500,293347,295233,296688,300625,302370,303098
,,수영구,,253352,252784,252625,251818,251023,251773,251148,250239,249682,248955,248534,247977,240905,240270,239500,238811,238514,238243,237486,236797,236081,235919,235959,237149,234855,234987,235263,235079,234947,235132,235224,236158,237303,240355,244934,249092,250447,251421,252026,251842,252934,254461,300518,301901,304074,306259,308711,309292
,동부산권,,,228214,227525,226879,225976,224513,223152,222612,221431,220674,220405,219900,218850,215770,215245,214689,213625,212810,211963,210758,209983,209225,208813,208706,210425,214773,215084,214962,214824,214462,214514,214986,216089,217819,219625,223987,231984,236758,240030,242886,244280,247126,250885,296852,298902,300600,303262,305120,306082
,,해운대구,,250194,249468,248597,247419,245298,243250,242556,241718,241169,240790,239911,238161,232984,232548,232151,232000,231222,230175,229429,228198,227452,227373,227317,229683,236719,237273,236805,236430,235969,235867,236414,238031,240813,243102,249602,257875,263781,267914,271563,272922,277156,281133,338625,341085,343604,348261,351536,353316
,,금정구,,212950,212175,211400,210800,209888,209038,208413,207638,207150,207150,207225,206900,211363,211113,211025,210525,209338,208975,208225,207800,207113,206638,206338,207613,210061,210500,210841,211037,210939,211207,211683,212110,212756,213707,215378,222415,225085,227171,228512,229793,230293,233427,276614,278681,280061,282167,282710,282605
,,동래구,,245023,244455,244125,243455,242136,241125,240761,237977,236159,235545,234636,233500,227283,226141,224239,220435,219457,218293,215304,214761,213685,212750,212946,215109,215146,215292,215552,215615,215188,215646,216344,217240,218531,220323,224219,231188,234500,236823,239115,240667,241542,243167,297944,299282,299895,300015,300912,301604
,,기장군,,145750,145103,144853,144059,143824,143485,143279,143132,143118,143441,144103,144574,151513,151359,151872,151705,151500,151154,150833,150615,150237,149737,149237,148872,156805,156512,156207,156012,155707,155293,155189,155988,156744,158256,160585,170610,177073,180854,184220,185610,190512,197780,233045,235231,237138,239917,241754,242670
,서부산권,,,165185,165159,165050,164899,164597,164278,163568,162319,162163,162192,162054,161852,162261,161999,161490,160678,160098,159495,158942,158526,158154,158191,158149,158243,162228,162339,162324,162277,162289,162533,162858,163312,163838,164533,165893,170073,173533,175781,177225,178669,180440,183207,201909,202795,204110,206176,207631,208427
,,북구,,182321,182202,181975,181679,181113,180780,180040,178820,178565,178707,178433,178112,173980,173778,173076,172317,171635,171019,170635,170404,170288,170034,169769,169644,177792,177802,177821,177811,177792,178047,178325,178769,179410,180071,181514,186127,189882,192321,193538,194882,196090,198269,230159,230828,232076,233449,234836,235316
,,강서구,,231589,231402,231205,230884,230402,228920,226241,221384,220973,220777,220116,219759,215039,214008,212977,211555,210461,208680,206680,204852,203352,205742,205992,206742,217385,218000,218243,218311,218446,218838,219581,220682,221703,222757,225838,233216,237365,240135,243351,246878,251108,255176,297400,299092,302417,306367,308808,310085
,,사상구,,146322,146450,146538,146508,146377,146167,145912,145260,145371,145476,145685,145452,152362,152104,151651,150330,149532,148830,148258,147821,147726,147536,147452,147321,147000,147192,147052,146866,146750,147128,147465,147977,148209,148767,149535,152436,155180,156762,157831,158738,160314,163064,156911,157822,159203,161311,163077,164230
,,사하구,,142019,142029,141933,141894,141798,141740,141298,140615,140452,140375,140288,140269,141833,141731,141528,141176,140991,140810,140523,140347,139866,139657,139778,140046,138336,138327,138273,138241,138327,138423,138645,138855,139291,139991,141077,144595,148005,150327,151645,152841,154468,157386,159424,160097,160409,162178,162961,163556
대구,,,,206498,206675,206962,207246,207246,207170,207121,207403,207520,207870,208057,208231,210969,211079,211222,211288,211235,211194,211198,211379,211602,212334,213171,213787,220126,220899,221059,220999,221164,221567,221825,222454,223776,224972,227710,232153,235043,238430,241226,243220,245193,247226,280247,281005,281526,281741,281769,281518
,중구,,,240185,240185,241167,245944,246315,246056,245537,245481,245389,246241,247426,247611,257845,258707,261017,263500,264017,263707,263793,264310,264397,265224,266431,267069,287883,290850,292383,292383,292217,293083,293350,293067,293392,295933,301100,308617,313317,319217,323967,327817,331450,334067,368198,368703,368473,368110,366563,365167
,동구,,,177784,177612,177328,176724,176086,175776,175603,175595,175931,175862,175716,175552,181983,182333,183075,184642,185083,184917,184742,184575,184675,184942,185483,186058,196742,197899,198036,198246,198548,198710,198895,199379,200177,200427,201185,202742,204698,208613,211782,212863,214476,215742,231339,231750,231829,231608,231295,230783
,서구,,,162145,161984,161919,161823,161919,162419,162452,162484,162484,162484,162613,162677,163267,163250,163250,163250,163267,163383,163675,164125,164192,164467,164800,165283,166417,166958,167342,167408,167517,167742,167825,168433,169150,170083,171783,175183,178333,181767,183517,184450,186250,187483,214190,214775,214875,214805,214418,214122
,남구,,,171593,172185,172519,172667,172926,172926,172926,172963,172963,172963,172963,173037,185652,185795,185670,185688,185866,185866,186259,186384,186455,186491,186509,188643,197698,197750,197750,197741,197741,197776,197931,198103,198862,199655,200707,202397,204017,207224,210672,214086,215845,217672,258427,258421,258624,258815,258825,258756
,북구,,,173333,173063,172972,173049,172993,172986,173076,174826,175458,176326,176750,177090,182455,182513,182513,182221,182227,181935,181831,181773,181922,182188,182604,183260,192032,192224,192314,192250,192365,192782,192859,193468,194173,194545,195532,198487,200263,202776,205218,207609,209333,210705,232866,233360,233524,233574,233570,233336
,수성구,,,312887,313923,315077,315725,316120,315662,315732,315683,315704,316761,316782,317134,323281,323356,322808,321753,320808,320877,320226,319795,319390,320089,320993,321384,324068,324709,324534,324169,324581,324926,325392,326699,329959,332507,339473,347581,352986,358304,362264,365088,368696,373196,405313,407348,409358,410927,411882,412738
,달서구,,,198424,198500,198724,199000,199059,199265,199218,198953,198665,198382,198576,198741,202238,202320,202547,202698,202814,202930,203238,203837,204224,204872,205640,206076,208020,209178,209511,209486,209589,210095,210397,210954,212152,213649,216466,222241,224943,227730,229989,231282,232414,233816,287484,288010,288237,287946,287895,287043
,달성군,,,143166,143336,143518,143634,143422,143295,142983,143156,143415,143742,144002,144027,142595,142515,142756,142874,143019,143019,143544,144365,145552,147996,150105,151121,162859,163277,163383,163375,163367,163891,164180,164438,165145,165824,166973,168684,170723,172777,174832,176895,178652,180270,220611,221221,221763,222030,222123,222014
광주,,,,161223,161202,161276,161542,161616,161799,162026,162179,162404,162874,163095,163350,171219,171263,171279,171076,170812,170467,170096,169892,169754,169769,169800,169814,170959,171078,171204,171260,171293,171372,171480,171685,172179,172547,173509,176823,178339,179361,180161,180763,181286,182456,206400,207407,208256,209581,210920,211981
,동구,,,156661,156696,156946,156464,156875,157000,157179,157268,157214,157268,157393,157446,172904,172904,172949,172831,172603,172132,171765,171471,171338,171324,171412,171706,180095,180459,180730,180730,180595,180514,180676,180932,181554,181973,183223,187372,188926,190324,190946,191514,191980,193047,247906,248652,250286,251589,252554,253028
,서구,,,173227,173273,173508,173742,173750,174136,174462,174659,175083,175621,176197,176985,185045,185209,185284,185090,185097,184978,184828,184672,184522,184522,184560,184567,185618,185750,185926,186088,186206,186529,186750,186926,187257,187610,188434,190735,191949,192765,193279,193912,194493,195632,221720,222572,223602,224957,226708,227555
,남구,,,182827,182894,183144,183442,183827,184279,185288,186135,186962,187962,188038,188327,204709,204627,204636,204464,204218,203764,203364,202818,202327,202082,202059,201864,201848,201893,202313,202263,202371,202438,202518,202732,203362,203835,205125,210375,212420,213232,214491,215357,216170,218018,231000,231680,232336,233329,234068,235257
,북구,,,140927,140747,140653,140727,140573,140613,140613,140500,140513,140713,140947,141013,148844,148894,148989,148964,148558,148463,148272,148144,148131,148163,148175,148256,149604,149726,149756,149860,149866,149945,150030,150216,150674,150899,151405,152631,153771,154724,155479,155857,156137,157088,171199,172324,172795,173908,175012,175981
,광산구,,,162910,162951,162958,163556,163722,163764,163764,163826,163847,164347,164347,164375,167115,167128,167007,166568,166223,165493,164757,164622,164534,164679,164743,164750,165320,165420,165433,165413,165400,165313,165360,165597,166170,166647,168010,173337,175243,176550,177430,178130,178737,179847,200394,201714,202666,204419,206175,207643
대전,,,,165169,165518,165716,165491,164803,164358,164389,164401,164437,164761,165266,165482,175890,176138,176210,176223,176437,176644,176844,177592,178630,179268,180506,181928,190726,192999,195539,196299,197075,200199,202310,205211,208436,211276,214683,221091,227372,231766,234558,237310,239358,242538,262881,265632,267910,270396,271623,271538
,동구,,,130807,131102,131443,131591,131432,131523,131614,131670,131693,131625,131477,131489,139326,139186,138651,138186,138709,139209,139442,140337,141953,143593,144988,145267,171565,173179,174701,176918,177989,180163,181326,183174,184065,185500,186641,188717,190924,193424,195000,197457,199446,202250,198141,200959,203197,205879,208453,209671
,중구,,,135408,135510,135571,135633,135571,135612,135735,135816,135837,136051,136316,136643,138823,139594,139979,140375,141844,142698,143031,143396,144927,145688,147250,149313,154643,155929,157418,158000,158704,161092,163735,165867,167551,169398,171281,174015,177148,180510,183730,186327,188173,191153,243476,247063,250660,254097,256068,257124
,서구,,,177963,178408,178508,178504,178439,177694,177475,177574,177492,177965,178520,178498,188368,188736,188868,188819,188438,188243,188431,189698,191462,192087,193615,195767,199342,202322,206295,206945,207993,211527,213582,216966,220007,223041,226637,231671,235747,239856,243226,246171,248432,251315,290474,293210,294935,296535,296706,295648
,유성구,,,203694,204226,204685,203661,201089,200347,200597,200540,200774,201500,202589,203323,218250,218280,218386,218515,218826,219152,219394,219977,219962,220379,221386,222424,236243,239366,241754,242119,242590,246910,249552,253373,259970,264604,270687,285239,300612,308134,310896,314269,316522,321090,340063,342120,344196,347046,348069,347312
,대덕구,,,121726,121780,121732,121768,121845,121690,121810,121560,121560,121146,121289,121173,131331,131409,131456,131392,131188,131167,131089,130964,130823,130740,130979,131375,131771,132010,133026,133552,133922,135151,136604,138177,139156,140307,141776,144078,145672,147464,149344,150625,151875,153531,162487,165375,167602,169957,171406,171738
울산,,,,176537,175605,174745,173590,171532,170003,167901,165646,164091,162424,160672,158950,158351,157409,156345,155083,154109,153360,152681,152088,151851,152273,153013,153995,158509,160018,161331,162274,162829,164250,166758,169518,173405,176956,181190,190324,195724,199112,201407,202839,204450,207591,224226,226715,228625,231002,233248,234408
,중구,,,207138,206150,204725,203313,201100,200050,197800,195238,193388,191863,189738,187588,191216,189905,187946,186054,183919,182689,181230,181000,180905,181284,182027,182865,185691,187599,189138,189520,190007,191388,194434,198184,202914,207000,212283,221711,228842,235164,238717,241882,244500,248678,252068,253593,254817,256839,258089,258918
,남구,,,215250,214481,213648,212935,210954,209574,207296,205120,203694,202130,200083,198343,190163,189240,188490,187505,186870,186351,186274,186106,186192,186500,187125,188356,191915,193208,194594,195245,195519,197509,201113,204792,211094,217028,223189,235858,241462,244679,247679,248755,249755,253509,283154,285329,286922,290444,293443,295370
,동구,,,146813,145979,145500,144125,141677,139333,136938,134615,133094,131073,129417,127781,142745,141991,141136,140018,139659,139509,138845,137809,136773,137095,137932,138932,140909,142077,142882,143664,143977,144723,145695,146123,147232,149114,151614,159005,165000,165925,165985,166095,166528,167786,165250,168209,170301,171932,174249,174491
,북구,,,139709,137826,136500,134971,132221,130062,127883,125233,123299,121264,119460,117662,120779,119605,118444,116817,115608,114481,113356,112644,112587,113452,114490,115928,125009,126763,128379,129759,130915,132772,134866,137196,140152,142647,145964,151879,156518,160170,161643,163223,165210,167554,214888,217885,220912,222880,225230,226138
,울주군,,,145124,144940,144784,143706,142773,141916,140607,139015,137915,136644,135751,134494,128863,128351,127536,126695,126004,125260,124791,123629,123160,123391,123904,124069,131792,133280,134310,135851,136423,136958,138851,141518,143911,145583,148119,156262,160202,162845,165536,166851,169042,172625,178747,181558,183093,185313,187264,188713
세종,,,,143758,142209,141961,141508,138824,136426,133512,131595,130868,133439,141396,147263,160799,161697,160426,156916,155271,152892,151518,150771,150428,150801,151976,154548,170266,172021,178104,180995,181932,183917,192438,208049,223799,240065,253352,275042,294734,304505,305995,306432,305599,303870,302787,302097,302409,303603,303216,298010
강원,,,,118345,118231,118011,117680,117189,116538,115958,115262,114722,114147,113656,112826,118750,118473,118007,117312,116327,115518,114905,114056,113176,112878,112553,112366,113691,113819,113988,113922,113879,114186,114617,115061,115997,116936,118077,119524,120942,122226,123104,124121,124970,125926,137424,138299,138981,139565,140322,140832
,춘천시,,,164257,163946,163568,163041,162405,161811,160770,158838,157649,156838,156527,155432,157171,156934,157039,156789,156645,156408,155829,154539,152671,151382,148842,146671,145224,144395,144447,144513,144605,145026,146066,146789,147849,149053,150513,152355,154230,155461,156980,159375,161283,162770,185457,186823,187799,188096,188749,189211
,원주시,,,122937,122891,122345,121841,120986,119523,118719,118080,117369,116415,115431,114055,116502,116042,114714,113126,110286,108470,106982,105637,104679,104946,105988,107000,108705,109364,109756,109506,109676,110222,110824,111625,113432,114972,116619,119324,121699,124233,125409,126000,126153,126960,152587,153352,154098,154381,154658,154406
,강릉시,,,112210,112242,112774,112823,112677,112742,112613,112758,112806,112750,112589,112105,125273,125136,124864,124561,124288,123667,123856,123803,123485,123561,123614,123902,128456,129059,129294,129324,129441,129735,129765,129941,130610,131463,132728,133331,134360,135213,135941,137279,139029,140757,157351,158657,159225,160520,161912,163464
,동해시,,,74548,74524,74643,74583,74476,74214,74000,73655,73583,72964,72417,71988,80088,80025,79863,79275,78775,77913,77288,77050,76875,76275,76200,76188,80298,80274,80107,80083,80071,80036,79964,79905,79833,79833,80012,80238,80298,80345,80417,80536,80583,80619,86577,86593,86680,86773,86938,87067
,태백시,,,56438,56438,56425,56419,56325,56188,56175,56169,56150,56119,56106,56088,54458,54450,54450,54450,54450,54450,54450,54450,54450,54471,54471,54471,54471,54479,54479,54479,54479,54563,54563,54542,54542,54583,54646,54667,54938,55217,55313,55375,55375,55458,67160,67170,67170,67260,67322,67352
,속초시,,,106810,106381,105690,105095,104762,104333,103786,103452,103048,102357,101619,101286,107659,107091,106727,105909,105614,105045,104795,103636,102864,102500,102273,102114,108174,108304,108370,108293,106554,106511,106446,106424,106489,106685,107076,107565,107935,108435,108609,108870,109337,109891,145248,147024,148888,151097,154022,156156
,삼척시,,,61874,61803,61715,61588,61362,61244,61156,60862,60724,60624,60476,60232,72035,71959,71882,71882,71794,71794,71706,71676,71676,71676,71676,71671,74417,74472,74500,74500,74514,74528,74708,74778,74861,74861,74931,75000,75028,75083,75111,75264,75375,75417,69727,69837,69960,70049,70192,70249
충북,,,,124068,124222,124000,123490,122860,122260,121792,121159,120514,119457,118454,117690,121013,120302,119494,118647,117938,117310,116883,116487,116134,115798,115738,115865,118622,118807,119045,119229,119566,121202,121978,122930,124041,125308,126792,128346,129175,130164,131132,132199,133121,134983,157201,159180,161346,163830,165752,167181
,(구)청주시,,,-,-,-,-,-,-,-,-,-,-,-,-,-,-,-,-,-,-,-,-,-,-,-,-,-,-,-,-,-,-,-,-,-,-,-,-,-,-,-,-,-,-,-,-,-,-,-,-
,,(구)상당구,,-,-,-,-,-,-,-,-,-,-,-,-,-,-,-,-,-,-,-,-,-,-,-,-,-,-,-,-,-,-,-,-,-,-,-,-,-,-,-,-,-,-,-,-,-,-,-,-
,,(구)흥덕구,,-,-,-,-,-,-,-,-,-,-,-,-,-,-,-,-,-,-,-,-,-,-,-,-,-,-,-,-,-,-,-,-,-,-,-,-,-,-,-,-,-,-,-,-,-,-,-,-
,청주시,,,141781,142099,141906,141395,140536,139913,139563,139047,138298,137184,136112,135205,138823,137974,136905,135888,135111,134296,133835,133539,133063,132721,132667,132744,136012,136400,136791,137108,137493,139452,140164,141310,142770,144619,146544,148482,149556,150810,152047,153353,154460,156699,180636,182976,185275,188107,190058,191566
,,상당구,,126161,126065,125565,125055,124024,122839,122210,121613,120500,118919,117316,116468,126089,124929,123964,122875,122232,121768,120839,120482,119375,118875,118518,118446,126017,126017,126067,126200,126633,127467,127917,128817,130167,131700,133633,135083,136700,138572,140192,141758,143425,146225,164247,165753,167552,169806,171849,173106
,,서원구,,154581,155446,155054,154000,152203,151784,151568,151284,150581,149446,148270,146851,144000,143179,141949,140846,139974,138821,137974,137321,137013,136513,136346,136385,136513,136821,137154,137423,137724,139506,140115,140891,141391,141968,142949,143622,143872,144378,145032,145654,146462,147167,163027,165667,166715,168915,170141,171814
,,흥덕구,,149524,149649,149607,149456,149390,149254,148929,148754,148626,148078,147262,146414,152264,151600,150613,149253,148312,147404,147082,147003,146279,145792,145470,145180,146900,147477,148112,148496,149003,151368,152112,153906,156785,160560,163124,166791,167842,169350,170442,171968,173147,176365,210800,212747,215302,219161,221561,222907
,,청원구,,128543,128809,128926,128596,127957,126888,126585,125362,124000,122532,121702,121309,125265,124397,123318,122935,122376,121791,122000,121882,122088,122265,122971,123721,130000,130569,131000,131444,131715,134326,135340,136243,136951,137896,139979,141417,142917,144083,145792,147306,148139,150222,176085,179409,183159,185888,187935,189718
,충주시,,,105989,105711,105370,104471,104322,103332,102061,100511,99956,97861,96307,95679,102433,101780,101178,100310,99769,99362,99383,98286,97821,96913,96730,97020,101542,101354,101344,101373,101962,104627,106693,108127,109307,109887,111528,113443,113995,114656,115354,115967,116608,117599,134772,136652,139076,141820,144163,145942
,제천시,,,93660,93540,93420,93270,92950,92570,92270,91830,91470,91340,91220,91048,97577,96962,96923,96481,95135,94673,93500,93212,93212,93058,92942,92904,93519,93519,93500,93204,93111,93019,92963,92991,93046,93213,93343,93620,94111,94454,94806,95241,95843,97944,109862,111175,112252,114654,116917,118237
,(구)청원군,,,-,-,-,-,-,-,-,-,-,-,-,-,-,-,-,-,-,-,-,-,-,-,-,-,-,-,-,-,-,-,-,-,-,-,-,-,-,-,-,-,-,-,-,-,-,-,-,-
,음성군,,,68619,68524,67952,67452,66976,66690,66071,65500,65024,64929,64262,63619,74861,74691,74246,73913,73931,73987,73719,73556,73833,74222,74667,75185,77482,77089,77107,77321,77571,77786,78196,78482,78768,78875,79304,79732,80179,81125,81929,83500,84500,86125,98785,99527,100016,100102,100914,101233
충남,,,,112676,112444,112198,111728,111222,110548,109795,109218,108905,108474,108322,108107,122651,122436,122292,122116,122022,121897,122114,122180,122274,122550,123161,123712,124790,125270,125653,125870,126064,126484,127641,129085,130767,132134,134401,137425,139851,142150,143704,145276,146759,148406,157886,159098,160294,162014,163511,164495
,천안시,,,127635,127217,126838,126436,125904,125191,124353,123746,123372,123071,122923,122643,143732,143578,143318,142970,142851,142589,142792,142809,142941,143371,144643,145741,147323,148160,148758,149227,149547,150063,151567,153641,156122,158347,162248,167335,170552,173620,175716,177505,179499,181439,194834,196526,198416,200987,203294,204694
,,동남구,,116800,116450,115725,114913,113488,112231,110566,109935,109329,109284,109046,108754,113596,113344,112989,112377,111994,111935,111696,111333,111083,111036,111357,111512,111302,111419,111500,111837,112023,112407,113919,115802,117244,118698,120901,124744,126994,129453,130674,132000,133128,134483,170922,172347,173196,174417,175918,177184
,,서북구,,133962,133504,133327,133163,133154,132758,132402,131809,131570,131121,131025,130752,159640,159537,159328,159119,159140,158771,159206,159425,159758,160440,162214,163810,166410,167629,168500,169039,169430,170016,171516,173691,176723,179355,184156,189902,193633,197023,199582,201617,204070,206320,210855,212727,215315,218790,221637,223127
,공주시,,,84248,84148,84098,84198,83848,83598,82835,82210,81535,80535,79563,79063,83536,82345,82964,83107,83583,83631,83655,83607,83607,83607,83607,83607,86875,87193,87216,87284,87375,87466,87580,89068,89886,90455,91045,93091,96466,97905,98557,99227,99716,100466,125554,126268,126542,127280,127817,128835
,보령시,,,104503,104355,104013,103184,102395,101750,100968,100605,100316,100263,100263,100158,117650,117400,117100,116725,116250,115913,115775,115450,114563,114263,114188,114125,113475,113388,113388,113363,113388,113088,113350,113625,113875,113875,114363,115763,116263,116625,116950,117413,117413,117438,117994,118250,118647,119065,119826,120754
,아산시,,,100071,100071,100317,99839,99522,99293,98838,98553,98414,97781,97821,97594,112631,112416,112050,111800,111616,111723,112191,112216,112349,112737,112875,113142,112521,112631,112733,112597,112648,112941,114119,115441,117186,118373,120386,123339,126792,130030,132284,134606,136657,139097,160357,161982,163386,165535,166788,167349
,서산시,,,113862,113621,112414,111172,110259,107414,105500,103190,101879,100793,100069,99759,107119,106988,107405,107976,108125,108137,108488,108851,108815,108839,109048,108964,112128,112239,112756,112628,112622,113089,114039,115106,116117,116594,117528,118339,119061,119850,120106,121639,123061,124194,138451,139139,139958,141396,142363,143401
,논산시,,,81684,81684,81789,81763,81671,81776,81829,81934,81974,81947,82474,82513,88188,87922,87822,87384,86947,86728,86634,86516,86109,86016,85672,85578,85516,85563,85563,85438,85234,85266,85578,85828,86078,86797,87141,87359,87766,88297,88734,89109,89609,90641,117514,117993,118107,118336,119107,119236
,계룡시,,,108659,108390,108268,108402,108585,108549,108341,108110,108037,108122,109171,109854,111432,111159,111386,111386,111273,111136,110773,110670,110739,110818,110795,110977,110705,111818,112205,112523,112682,113977,118045,120159,121250,121841,122341,122966,123705,126500,128409,130557,132489,134898,161836,162313,162922,163609,163947,164428
,연기군,,,-,-,-,-,-,-,-,-,-,-,-,-,-,-,-,-,-,-,-,-,-,-,-,-,-,-,-,-,-,-,-,-,-,-,-,-,-,-,-,-,-,-,-,-,-,-,-,-
,홍성군,,,98950,99125,99270,98345,97450,97048,96945,96658,97583,97315,97028,97053,102272,102533,102674,103111,103293,103217,103457,103772,103967,104120,104522,104848,105957,106489,107446,108033,108511,110120,111337,112467,114163,115076,116098,117576,120467,123641,126315,128152,129435,132304,154264,156858,158727,161646,165389,167024
,예산군,,,70283,70207,70054,69924,69837,69609,69565,69761,69891,70087,70304,70304,84707,84690,84776,84810,84957,84991,85181,85319,85655,85690,85724,85897,86198,86509,86681,86819,87060,86957,87345,88259,89017,89793,90948,91776,92052,92793,93121,94086,94483,94534,91375,91483,91883,91992,92452,93053
,당진시,,,124850,124707,124329,123771,122886,122200,120991,120514,120193,119607,119010,118696,128121,127696,127501,127241,127086,126871,127014,127400,127943,128250,128821,129264,132368,132861,133111,133549,134007,134326,134611,134868,135535,136236,136722,137049,137451,137521,137549,137806,137417,137611,137934,138621,139262,140211,141024,141771
전북,,,,120606,120676,120576,120464,120205,119815,119424,119254,119249,119285,119276,119275,120543,120374,120005,119689,119383,119001,118687,118336,117744,117528,117236,117109,118918,118951,119047,119144,119240,119309,119596,119925,120338,120692,121513,123035,123817,124566,125385,126216,126896,127959,142828,144209,145535,146749,147223,147676
,전주시,,,150634,150825,150744,150585,150157,149494,148938,148767,148870,148919,148868,148791,147072,146860,146298,145848,145270,144560,143957,143376,142157,141704,141126,140804,142926,143010,143178,143413,143605,143629,143977,144226,144777,145395,146884,149624,151059,152164,153314,154496,155458,157068,174956,176958,179322,181451,182535,183436
,,완산구,,149937,150295,150228,150094,149674,149049,148629,148576,148728,148871,148897,148799,149052,148969,148525,148142,147661,146878,146275,145558,143901,143462,142844,142382,137745,137466,137255,137236,137188,137216,137404,137707,138034,138370,139101,141120,142178,142823,143467,144390,145135,146192,160919,161939,162863,164343,165310,166121
,,덕진구,,151520,151500,151400,151210,150770,150060,149330,149010,149050,148980,148830,148780,144694,144327,143622,143092,142398,141776,141173,140755,140061,139592,139061,138908,148736,149226,149821,150340,150802,150821,151349,151538,152340,153274,155613,159160,161019,162640,164357,165828,167036,169264,189367,192376,196219,199015,200219,201212
,군산시,,,93583,93385,92875,92563,91917,91135,90229,89583,89000,88667,88427,88089,91532,91128,90787,90447,90436,90213,90277,90074,90021,89979,89867,89984,92078,92214,92328,92276,92349,92474,92745,93094,93531,93927,94188,94661,94859,95380,96057,96641,97203,98203,129169,131691,132953,133980,133843,133826
,익산시,,,108027,108165,108388,108505,108878,109271,109590,109827,110122,110495,110752,111218,119073,119155,118890,118659,118533,118489,118346,118249,118205,118238,118238,118238,117879,117792,117792,117792,117792,118059,118440,119288,119788,119755,120136,120777,121082,121692,122432,123247,123736,124171,138000,138081,138202,138457,138529,138722
,정읍시,,,71796,71754,71650,71713,71754,71754,71663,71642,71665,71783,71842,71892,81276,81280,81320,81360,81340,81250,81130,81050,81170,81270,81370,81390,81400,81360,81360,81410,81410,81290,81230,81250,81020,80980,80980,81040,81140,81352,81420,81480,81780,82060,88902,89054,89179,89418,89532,89741
,남원시,,,85783,86144,86283,86394,86406,86406,86583,86644,86964,87228,87564,87731,99979,99997,100085,100397,100397,100456,100456,100632,100750,101074,101162,101088,101485,101324,101118,101088,100941,100912,100912,100868,100691,100441,100353,100368,100338,100338,100324,100309,100324,100324,94949,94949,94992,94992,94992,95080
,김제시,,,69265,68688,68592,68477,68419,68342,68179,68121,68073,68150,68250,68583,66663,66763,66825,66925,66925,66975,67063,67000,67000,66988,67025,67025,67100,67100,67100,67100,67100,67100,67225,67275,67400,67550,67800,68300,68450,68550,68713,68888,69075,69400,75815,75808,75931,76062,76040,76092
전남,,,,109251,109448,109454,109511,109719,109837,109904,110032,110165,110320,110447,110578,119481,119511,119550,119631,119698,119705,119656,119611,119602,119625,119722,119780,120417,120601,120671,120832,121004,121223,121534,121963,122298,122687,123084,123553,124007,124387,124762,125152,125587,126145,137738,138479,139204,139811,140093,140311
,목포시,,,117189,117238,116951,116894,117278,117379,117585,117671,117774,117938,118074,118097,124186,124297,124363,124431,124471,124540,124457,124367,124264,124111,124035,123903,122944,122847,122778,122660,122549,122396,122292,121806,121549,121375,121306,121153,121118,120840,120604,120576,120479,120681,117725,118157,118464,118897,119133,119308
,여수시,,,105096,105624,105954,106210,106450,106716,106869,107250,107363,107549,107627,107679,127294,127169,127072,126933,126794,126753,126649,126440,126385,126368,126542,126736,126806,126944,127021,127465,127951,128583,129118,129764,130319,130965,131660,132486,133194,134049,135000,135785,136521,137688,154336,156149,157526,158534,158837,158927
,순천시,,,123081,123149,123250,123331,123426,123541,123446,123595,123880,124109,124380,124758,131222,131375,131589,131747,131931,132014,132056,132139,132201,132271,132319,132500,135993,136527,136791,137135,137554,138061,138736,139912,140703,141399,142020,142872,143608,143980,144419,144845,145453,146115,182803,183236,184043,184543,184635,184348
,나주시,,,117303,117513,117250,117066,117250,117145,116776,116497,116550,116524,116250,116303,104924,104793,104533,104413,104293,104098,103859,103641,103543,103804,104109,104283,104396,104583,104563,104510,104469,104260,104010,104115,104302,104281,104406,104677,105031,105563,106250,106646,107156,107406,144451,145824,147270,148446,149275,150782
,광양시,,,69691,70022,70312,70429,70599,70731,70828,70904,70963,71035,71078,71116,86948,86989,87166,87672,88065,88132,88222,88438,88665,88909,89256,89472,90063,90358,90619,90801,90955,91210,91801,92744,93205,94108,94892,95591,96239,97011,97369,97949,98653,99165,92503,92583,92649,92751,92794,92803
,무안군,,,172169,171813,170656,170375,170438,170500,170922,170641,170400,170672,171078,171203,177938,177913,177623,177410,177285,176935,176685,176460,176085,175785,175510,174435,174110,173810,172973,172635,171948,171423,170825,169950,169675,169275,169050,168850,169000,169075,169200,169350,169450,169500,156230,157344,158008,159205,160151,161348
경북,,,,109350,109051,108771,108258,107725,107200,106720,106042,105527,105067,104699,104183,109760,109387,109009,108491,108057,107631,107291,106908,106673,106467,106373,106209,107691,107668,107688,107688,107833,108015,108393,108907,109451,109813,110428,111555,113041,114346,115138,115801,116740,117825,130769,131712,132473,133557,134577,135529
,포항시,,,126201,125853,125523,124901,124146,123330,122370,121105,120030,118845,118337,117578,117324,116551,115612,114261,113370,112775,112361,111985,111733,111526,111468,111339,113713,113781,113847,113976,114065,114136,114476,115086,115697,116156,116719,118174,120648,122429,123624,124470,125608,126642,158438,159842,160878,162298,163223,164476
,,남구,,121500,121171,120906,120401,120063,119803,119626,118438,117174,116440,116101,115769,115019,114533,113670,111899,111099,110504,110004,109814,109757,109900,109943,109943,111313,111465,111632,111924,112132,112222,112563,113201,113653,114014,114431,116458,119653,121326,122715,123118,123896,124271,160102,161656,162832,164572,164848,166235
,,북구,,129233,128872,128500,127802,126779,125605,124140,122826,121872,120395,119779,118744,118857,117893,116905,115833,114881,114286,113929,113429,113048,112607,112482,112268,115290,115301,115301,115324,115335,115392,115733,116324,117040,117563,118222,119301,121301,123153,124222,125358,126733,128199,157169,158459,159388,160564,161984,163134
,경주시,,,97180,96720,96017,94336,93267,92333,90964,88605,87311,86664,85508,84344,101504,100658,100017,99465,99042,98299,97853,97256,97179,96962,96865,96878,97906,98106,98419,98519,99706,100100,100413,101119,101850,102288,102863,104300,106875,108700,109463,110288,111113,111863,121593,122270,122842,123640,124610,125404
,김천시,,,106404,106942,106885,106904,106923,106385,106221,106154,105769,105277,104738,104335,103127,103043,102743,101927,100968,99743,98985,98752,98677,98418,98385,98218,97566,97147,97115,96856,96800,96800,97008,97363,97613,98460,99605,100685,102621,105919,107774,108323,109548,113242,125911,127328,128507,129922,131204,132149
,안동시,,,98232,97643,97295,96841,96627,96198,95841,94971,94325,94084,93186,91652,97726,97624,97374,97116,96940,96881,96712,96962,97006,97021,97263,97484,100591,100691,100691,100734,100729,100800,100857,101121,101414,101586,101957,102143,102557,103000,103243,103579,103886,104907,109146,110248,110327,110535,111835,113391
,구미시,,,109461,109059,108608,108333,107794,107510,107289,107026,106870,106737,106639,106400,110961,110855,110762,110558,110262,109850,109581,109267,108850,108424,108026,107359,107757,107575,107521,107457,107457,107839,108794,109657,110557,110903,111775,113666,115221,116753,117621,118394,119930,121585,141718,143079,144507,146518,148422,149631
,영주시,,,79065,79065,79065,78978,78891,78891,78826,78826,78826,78826,78826,79283,83864,83841,83977,84159,84273,84273,84364,84364,84477,84523,84841,85205,85591,85591,85636,85636,85682,85795,85864,86227,86443,86580,86898,87261,87330,87489,87580,88080,88239,88511,91519,91622,91750,92763,92906,93708
,영천시,,,67921,67921,67895,67763,67737,67605,67513,67539,67487,67447,67447,67429,77965,77965,77733,77608,77550,77488,77138,77100,76963,77025,76950,77063,74143,74048,73940,73714,73500,73393,73393,73369,73345,73298,73274,73405,73440,73564,73650,73819,73988,74095,74543,74579,74590,74639,74674,74678
,상주시,,,74781,74844,75156,75156,75156,75156,75172,75172,75188,75188,75188,75188,87471,87441,87441,87647,87691,87691,87750,87750,87956,88059,88162,88191,88544,88574,88632,88574,88574,88544,88338,88353,88250,88221,88162,88132,88426,88509,88553,88568,88656,88721,93508,93525,93517,93551,93585,93625
,문경시,,,86250,86019,85923,86038,86000,86154,86154,86192,86169,86169,86077,86077,92633,92633,92653,92853,92920,93003,93003,93003,93003,93070,93070,93470,93903,93970,94170,94170,94303,94550,94483,94417,94417,94417,94433,94467,94467,94467,94633,94867,94917,95183,109966,110114,110048,110752,111668,112832
,경산시,,,131013,130603,130564,129923,129449,128923,128846,128724,128647,128545,128455,128135,141598,141165,141018,140915,140817,140713,140384,139488,139030,138860,138872,138823,142232,142387,142310,142333,142560,142810,143054,143393,143982,144446,145310,146000,146750,147429,147988,148768,149577,149982,157777,158022,158199,158394,158499,158595
,칠곡군,,,78152,77870,77826,77457,76609,75935,75761,75880,75859,75815,75739,75793,80510,80448,80375,80292,80021,79823,79250,78260,78021,77917,77771,77771,81090,80750,80710,80530,80330,80370,80450,80570,80590,80630,80710,80780,80870,81024,81174,81354,81614,82094,84186,85261,85628,86245,86665,87249
경남,,,,132065,131497,130764,130123,129313,128536,127891,127173,126473,125819,125337,124531,133173,132513,131894,131000,129988,128829,127723,126816,126217,125778,125701,125872,126940,127151,127396,127660,127780,128213,128744,129593,130725,131486,133684,137409,139195,139942,140872,141332,141727,142479,165935,167345,168580,170583,172729,173953
,창원시,,,144696,143958,143021,142763,141786,141128,140617,140308,140113,140300,140252,140152,157987,157554,157259,156647,155681,154796,153677,152544,151774,151367,151344,151622,152698,152871,152942,152938,152721,153009,153798,155376,158170,159802,164870,171867,174507,174919,175861,175228,174690,174773,191879,194127,195739,199538,203840,206419
,,의창구,,132073,131005,129892,129362,127878,126581,126014,125851,125297,124878,124284,124324,153021,153083,152719,152813,151547,150823,149474,147922,146651,145995,146047,146422,146347,146908,146959,147041,146918,147724,148898,153204,158867,163801,176230,185199,186944,185974,187179,187383,186658,187872,227874,229435,231339,235126,240415,244028
,,성산구,,152694,152184,151929,152153,151786,151255,151898,152520,153500,154929,155500,156051,191691,190324,189956,188309,186029,183882,181618,180471,179853,179897,180257,181235,184138,183986,183957,184036,183725,184239,185399,187181,192775,194942,202080,216145,220029,220812,222471,221670,221178,221996,236240,239919,242117,248435,252995,255932
,,마산합포구,,137892,137459,136919,136608,135311,135054,134203,133392,132662,132014,131649,131351,137478,137222,136800,136311,136044,135822,135756,135033,134444,134111,133933,133956,136239,136304,136435,136261,136174,136250,136576,137261,137641,137739,137870,138043,138304,138522,138489,137478,137848,137837,151480,154485,157535,162167,166847,169796
,,마산회원구,,153375,152713,150763,150575,149750,149013,147350,146063,145125,145163,145138,144088,151212,151168,150973,150484,150049,149690,149103,148158,147163,146071,145641,145304,144940,145266,145516,145375,145114,145158,145734,146288,146397,146565,149207,152902,155467,155962,156076,154783,153321,152734,166391,167269,168137,170897,175151,177682
,,진해구,,139689,138500,137338,136473,135068,134527,133716,133257,132743,132338,132027,131946,134979,134979,134872,134957,135181,135000,134436,133191,132734,132489,132340,132277,132115,132354,132375,132438,132208,132063,132510,132891,133266,133609,134953,138214,141922,143193,144411,144193,143880,142464,155370,156607,156404,156517,159240,160053
,진주시,,,167000,166667,166397,165867,165401,165031,164624,164227,163627,162897,161450,158770,155213,154191,153340,151670,149138,147128,145473,144787,143782,143016,142840,142915,143255,143391,143714,144401,145031,145568,145818,146130,146417,146885,147339,148276,148953,150099,151052,152208,153609,154771,180153,180863,181639,182141,183156,184033
,통영시,,,105677,105113,104758,104081,103403,102435,100774,99597,98839,97274,96935,96548,101833,100958,100708,100333,99958,99889,100167,100194,100389,100236,100292,100278,105645,106039,106039,106066,106039,106105,106092,106579,106803,107276,107618,108421,108776,109355,109408,109329,108605,108586,123188,124381,126458,127473,128076,128428
,사천시,,,110926,110898,110935,110824,110657,109537,109065,108354,108094,107213,106620,105702,105548,104588,104204,103168,101248,99328,98090,97920,97580,97230,97230,97150,100806,100787,100787,100750,100750,100620,100472,100269,100065,99954,99769,99731,99731,99731,99861,100213,100417,100852,93063,93173,93350,93551,93756,93920
,김해시,,,136731,136291,136090,135925,135485,134664,134246,132918,131463,129881,129254,127687,124787,123147,120985,118706,116963,114324,112272,110408,109511,108908,108960,109504,110605,111504,112598,113649,114373,115667,116152,116188,116029,115986,115826,116431,117185,117728,117924,118341,118790,119975,176380,178330,180163,181916,183130,183664
,밀양시,,,87986,88043,88225,88248,87975,87498,87314,86155,86064,86632,87155,87268,101262,100786,100262,98452,97286,94095,91119,89714,88619,87524,87190,86881,85909,85727,85818,86148,86159,85989,85818,85580,85545,85716,85966,86568,86955,87830,88307,88648,88886,89352,112621,113776,113925,115213,116082,116218
,거제시,,,115596,114088,110702,106482,103982,101518,98939,96307,93763,91088,89149,87456,98427,98206,98294,98560,98668,98747,98747,98791,98709,98222,97892,97861,101134,101024,101055,100963,100811,100890,101216,101765,102095,102296,102723,103915,104665,105652,107274,108134,108433,108043,118199,117929,118067,118100,118339,118528
,양산시,,,105036,104843,104720,104530,104082,103850,103834,104106,104027,104071,104159,104264,117813,117810,117786,117643,117627,117540,117123,116798,116607,116480,116313,116163,117590,117395,117195,117156,117188,117348,118121,119473,120445,121281,123945,130383,134176,135957,137867,140309,142488,144965,164664,165516,166530,167598,168669,168821
제주,,,,195128,195046,194655,193959,193568,192711,192170,191089,190613,190205,189975,189717,193593,193231,192903,192317,191725,191213,190477,189800,188864,188095,187589,187142,184140,183791,183371,183146,182815,182643,182578,182448,182449,182396,182412,182838,183716,185313,186625,188436,191986,200789,184775,188996,192104,195230,196779,198283
,제주시,,,208939,208833,208212,207333,206894,205864,205303,204485,203667,203182,203045,202864,206794,206382,206029,205338,204632,204059,203221,202574,201500,200618,200103,199551,196886,196514,196100,195893,195536,195371,195293,195121,195164,195136,195171,195629,196586,198487,200051,202129,206564,216221,198562,204291,208520,212673,214111,216114
,서귀포시,,,146694,146694,147111,147056,146833,146583,146111,144111,144833,144694,144139,143611,151591,151386,151136,150886,150659,150341,149932,149159,148659,148250,147773,147659,144293,144011,143576,143293,143043,142848,142826,142826,142696,142565,142522,142848,143478,144126,144648,145626,146409,152539,155476,156493,157219,158164,159947,160390
